Stage Name,Full Name,Date of Birth,Group,Country
A-ra,Choi Eunji,2003-07-25,Girls' World,South Korea
Aeji,Kwon Aeji,1999-10-25,Hashtag,South Korea
AhIn,Lee Ahin,1999-09-27,MOMOLAND,South Korea
Ahra,Go Ahra,2001-02-21,Favorite,South Korea
Ahyeon,Jung Ahyeon,2007-04-11,BABYMONSTER,South Korea
Ahyoon,Choi Subin,2004-10-23,BOTOPASS,South Korea
Ahyoon,Shin Ahyoon,2003-09-24,Queenz Eye,South Korea
Ahyoung,Cho Jayoung,1991-05-26,Dal Shabet,South Korea
Ahyung,Kang Ahyoung,1996-08-27,P.O.P,South Korea
Ailee,Lee Yejin,1989-05-30,,South Korea
Aini,Kim Heejung,1991-07-13,,South Korea
Aisha,Heo Yoorim,2000-07-21,Everglow,South Korea
Aki,Jang Minju,2001-02-12,MAJORS,South Korea
AleXa,Kim Seri,1996-12-06,,USA
Alice,Song Joohee,1990-03-21,Hello Venus,South Korea
Alice,Cheon Jaeyoung,2002-02-20,TRACER,South Korea
Amber,Amber Josephine Liu,1992-09-18,f(x),USA
Andamiro,Yeon Seongju,2003-05-06,Geenius,South Korea
Anne,Lee Seoyoung,2000-10-17,GWSN,South Korea
Ara,Lee Yunji,2002-01-23,ILY:1,South Korea
Aran,Jeong Eunah,2004-10-11,FIFTY FIFTY,South Korea
Arang,Son Mnjung,2000-03-08,,South Korea
Arang,Park Yerim,2001-01-22,Pink Fantasy,South Korea
Areum,Kim Daun,1998-01-31,AREAL,South Korea
Ari,Kim Sunyoung,1994-10-23,Tahiti,South Korea
Aria,Baby Gauthami,2003-03-12,X:IN,India
Arie,Jeon Minjae,2000-04-07,MIXX,South Korea
Arin,Choi Yewon,1999-06-18,Oh My Girl,South Korea
Asa,Enami Asa,2006-04-17,BABYMONSTER,Japan
Ashley,Ashley Choi,1991-11-09,Ladies' Code,South Korea
Aurora,Yang Lan,1997-01-14,NATURE,China
Ayamy,Suzuki Ayami,2000-07-15,Bling Bling,Japan
Ayeon,Son Minji,2002-09-29,Saturday,South Korea
Babysoul,Lee Soojung,1992-07-06,Lovelyz,South Korea
Bada,Kim Bada,2002-05-28,Hinapia,South Korea
Bae,Bae Jinsol,2004-12-28,NMIXX,South Korea
Baekah,Kim Sua,1999-10-24,XUM,South Korea
Bahiyyih,Huening Bahiyyih,2004-07-27,Kep1er,USA
Bekah,Rebecca Kim,1989-08-11,,South Korea
Belle,Jin Hyeonjoo,2001-11-03,Cignature,South Korea
Belle,Shim Hyewon,2004-03-20,KISS OF LIFE,South Korea
Bessie,Kim Susanna,2004-07-15,Lapillus,South Korea
Bian,Yu Jiwon,2001-02-13,MAJORS,South Korea
BIBI,Kim Hyungseo,1998-09-27,,South Korea
Blue,Jung Gahee,1994-01-18,Pungdeng-E,South Korea
BoA,Kwon Boa,1986-11-05,,South Korea
Boa,Kim Boah,1987-01-14,KEEMBO,South Korea
Boeun,Park Boeun,2008-02-11,CLASS:y,South Korea
Bohyung,Kim Bohyung,1991-03-31,KEEMBO,South Korea
Bom,Park Bom,1984-03-24,2NE1,South Korea
Bomi,Yoon Bomi,1993-08-13,Apink,South Korea
Bomin,Kim Bomin,2001-09-24,RedSquare,South Korea
Bona,Kim Jiyeon,1995-08-19,WJSN,South Korea
Boni,Choi Euijeong,1999-10-30,Dreamnote,South Korea
Bora,Yoon Bora,1989-12-30,SISTAR,South Korea
Bora,Kim Bora,1999-03-03,Cherry Bullet,South Korea
Boram,Jeon Boram,1986-03-22,,South Korea
Cao Lu,Cao Lu,1987-08-30,Fiestar,China
Carmen,Nyoman Ayu Carmenita,2006-03-28,Hearts2Hearts,Indonesia
Chaebin,Choi Yoobin,1999-07-28,NATURE,South Korea
Chaeeun,Yoon Chaeeun,2005-12-10,ADYA,South Korea
Chaehyun,Kim Chaehyun,1999-11-29,Bonus Baby,South Korea
Chaehyun,Kim Chaehyun,2002-04-26,Kep1er,South Korea
Chaein,Lee Chaeyoung,2002-12-05,Purple Kiss,South Korea
Chaejeong,Lee Chaejeong,1999-08-26,ALICE,South Korea
Chaekyung,Yoon Chaekyung,1996-07-07,APRIL,South Korea
Chaelin,Lee Chaelin,1999-10-20,FANATICS,South Korea
Chaerin,Park Chaerin,2002-03-13,Cherry Bullet,South Korea
Chaerin,Park Chaerin,2003-03-31,ICHILLIN',South Korea
Chaerin,Lee Chaerin,2007-07-07,KELT9b,South Korea
Chaeryeong,Lee Chaeryeong,2001-06-05,ITZY,South Korea
Chaesol,Maeng Chaesol,1998-07-14,Cignature,South Korea
Chaewon,Kim Chaewon,1997-11-08,APRIL,South Korea
Chaewon,Kim Chaewon,2000-08-01,LE SSERAFIM,South Korea
Chaewon,Lee Chaewon,2000-03-18,Maka Maka,South Korea
Chaewon,Yoon Chaewon,2003-06-04,CLASS:y,South Korea
ChaeY,Song Chaeyeon,2003-01-06,CRAXY,South Korea
Chaeyeon,Jung Chaeyeon,1997-12-01,DIA,South Korea
Chaeyeon,Kim Chaeyeon,2004-12-04,tripleS,South Korea
Chaeyeon,Lee Chaeyeon,2000-01-11,IZ*ONE,South Korea
Chaeyoung,Son Chaeyoung,1999-04-23,Twice,South Korea
Chaeyoung,Lee Chaeyoung,2000-05-14,fromis_9,South Korea
Chahee,Park Sooyoung,1996-03-24,MELODYDAY,South Korea
Chanmi,Kim Chanmi,1996-06-19,AoA,South Korea
Chanty,Maria Chantal Videla,2002-12-15,Lapillus,Philippines
Cheng Xiao,Cheng Xiao,1998-07-15,,China
Cheongeum,Jang Cheongeum,1996-06-19,Ho1iday,South Korea
Chi.u,Lee Jaeyi,1998-08-16,,South Korea
Chiayi,Li Chiayi,2000-01-22,FANATICS,Taiwan
Chiquita,Riracha Phondechaphiphat,2009-02-17,BABYMONSTER,Thailand
Chloe,Yun Jiwon,2001-01-06,Cignature,South Korea
Chloe Young,Chloe Duong,2001-10-31,BADVILLAIN,South Korea
Choa,Park Choa,1990-03-06,,South Korea
Choa,Heo Minjin,1990-07-12,Crayon Pop,South Korea
Choerry,Choi Yerim,2001-06-04,ARTMS,South Korea
Chorong,Park Chorong,1991-03-03,Apink,South Korea
Chowon,Han Chowon,2002-09-16,LIGHTSUM,South Korea
Chowon,Kim Chowon,2005-08-18,ICHILLIN',South Korea
Choyeon,Kim Choyeon,2001-08-01,bugAboo,South Korea
Chungha,Kim Chungha,1996-02-09,,South Korea
Chuu,Kim Jiwoo,1999-10-20,,South Korea
CL,Lee Chaerin,1991-02-26,2NE1,South Korea
Cyan,Lee Chaeeun,2001-04-04,bugAboo,South Korea
D.ana,Cho Eunae,1995-09-10,Sonamoo,South Korea
Dabi,Park Jiwon,2000-01-19,AREAL,South Korea
Daeun,Jung Daeun,1994-06-03,2EYES,South Korea
Daewang Nim,Daewang Nim,1996-04-08,Pink Fantasy,South Korea
Dahye,Song Dahye,1993-06-12,,South Korea
Dahyun,Kim Dahyun,1998-05-28,Twice,South Korea
Dahyun,Jeong Dahyun,2005-04-29,Rocket Punch,South Korea
Dahyun,Seo Dahyun,2003-01-08,tripleS,South Korea
Dahyun,Kim Dahyun,,Hearts2Hearts,South Korea
Dain,Song Jieun,1990-06-25,,South Korea
Dain,Jung Dain,2004-12-15,HOT ISSUE,South Korea
Daisy,Yoo Jeongahn,1999-01-22,,South Korea
Dajeong,Kim Dajeong,1995-08-08,Hashtag,South Korea
Dajeong,Jung Dajeong,2003-07-31,Pixy,South Korea
Dakyung,Jung Dakyung,2001-07-23,Hi-L,South Korea
Dalyn,Lee Sohyun,1999-08-27,ANS,South Korea
Damhee,Park Damhee,2000-06-21,ARTBEAT,South Korea
Dami,Lee Yoobin,1997-03-07,Dreamcatcher,South Korea
Dami,Hong Dayoung,2001-06-07,ANS,South Korea
Damin,Kang Damin,2004-03-24,Queenz Eye,South Korea
Dan-a,Park Seungyeon,1993-06-26,Matilda,South Korea
Dana,Jang Dana,2003-12-25,HOT ISSUE,South Korea
Danielle,Mo Jihye,2005-04-11,NewJeans,South Korea
Dany,Jeon Eunji,1998-01-20,Ho1iday,South Korea
Dara,Park Sandara,1984-11-12,2NE1,South Korea
Daseul,Yang Daseul,2000-09-14,Maka Maka,South Korea
Dasom,Kim Dasom,1993-05-06,SISTAR,South Korea
Dasom,Lee Dasom,1993-11-13,2EYES,South Korea
Dawon,Nam Dawon,1997-03-16,WJSN,South Korea
Dawon,Lee Dawon,1996-12-02,ARIAZ,South Korea
Daye,Kim Hyunjung,1998-02-25,Berry Good,South Korea
Dayeon,Hwang Da Kyeon,1995-11-17,XUM,South Korea
Dayeon,Kim Dayeon,2003-03-02,Kep1er,South Korea
Dayoung,Kim Dayoung,1991-02-02,Blady,South Korea
Dayoung,Im Dayoung,1999-05-14,WJSN,South Korea
Dayun,Kim Dayun,2000-11-20,Bonus Baby,South Korea
Della,Park Sehyun,1995-09-03,Rockit Girl,South Korea
Denise,Kim Denise,2001-01-11,,South Korea
Dia,Kwak Minnyeong,1999-09-03,Maka Maka,South Korea
Dia,Choi Eunji,2001-07-16,Pixy,South Korea
Dita,Dita Karang,1996-12-25,SECRET NUMBER,Indonesia
Do-A,Choi Yuna,1999-02-02,ALICE,South Korea
Doa,Im Youngseo,2001-10-29,We;Na,South Korea
Doah,Kim Doah,2003-12-04,FANATICS,South Korea
Doeun,Kim Doeun,2007-12-24,YOUNG POSSE,South Korea
Dohee,Yoon Dohee,1999-09-24,,South Korea
Dohee,Min Dohee,1994-09-25,Tiny-G,South Korea
Dohee,Kwon Dohee,2002-08-01,Cignature,South Korea
Doi,Kim Doi,1994-04-12,FANATICS,South Korea
Dosie,Jang Eunseung,2000-02-11,Purple Kiss,South Korea
Doyeon,Kim Doyeon,1999-12-04,Weki Meki,South Korea
Duna,Kang Duna,2005-04-28,CSR,South Korea
E-Young,Noh Yiyoung,1992-08-16,After School,South Korea
E.Ji,Choi Jiwon,2000-11-08,ICHILLIN',South Korea
E.sha,Kwon Yena,1998-12-29,X:IN,Australia
E:U,Park Jiwon,1998-05-19,Everglow,South Korea
EJ,Kim Eunji,1997-08-13,ALICE,South Korea
Elisia,Elisia Lyrisse Parmisano,2009-04-18,UNIS,Philippines
Elkie,Chong Ting Yan,1998-11-02,,Hong Kong
Ella,Kim Kyungjoo,1998-03-26,,South Korea
Ellin,Kim Minyoung,1990-04-02,Crayon Pop,South Korea
Elly,Jung Haerim,1998-07-20,Weki Meki,South Korea
Ellyn,Bang Sunhee,2002-10-19,Girlkind,South Korea
Elva,Lee Yonghwa,2003-05-05,ILY:1,South Korea
Emma,Song Hyemin,2000-04-26,BADVILLAIN,South Korea
Eseo,Noh Hyunjung,1996-03-04,LUNARSOLAR,South Korea
Euaerin,Lee Hyemin,1988-05-03,,South Korea
Euijeong,Yeon Euijeong,2001-07-21,KELT9b,South Korea
Euijin,Hong Euijin,1996-10-08,Sonamoo,South Korea
Eun,Choi Eunmi,1990-05-14,Two X,South Korea
Euna,,2003-05-25,We;Na,South Korea
EunB,Shin Eunbi,2000-09-17,Maka Maka,South Korea
EunB,Byun Eunbi,2000-11-23,PRECIOUS,South Korea
Eunbi,Kwon Eunbi,1995-09-27,IZ*ONE,South Korea
Eunbin,Kwon Eunbin,2000-01-06,CLC,South Korea
Eunchae,Kwon Chaewon,1999-05-26,DIA,South Korea
Eunchae,Son Eunchae,1999-10-06,bugAboo,South Korea
Eunchae,Hong Eunchae,2006-11-10,LE SSERAFIM,South Korea
Eunha,Jung Eunbi,1997-05-30,VIVIZ,South Korea
Eunice,Heo Sooyeon,1991-09-02,DIA,South Korea
Eunji,Jung Eunji,1993-08-18,Apink,South Korea
Eunji,Hong Eunji,1992-07-19,Brave Girls,South Korea
Eunjin,Ahn Eunjin,1997-08-31,,South Korea
Eunjin,Ma Eunjin,1997-05-23,Playback,South Korea
Eunjin,Moon Eunjin,1998-11-05,Highteen,South Korea
Eunjo,Park Eunjo,2002-03-07,Dreamnote,South Korea
Eunjung,Ham Eunjung,1988-12-12,T-ara,South Korea
Eunseo,Son Juyeon,1998-05-27,WJSN,South Korea
Eunwoo,Jeong Eunwoo,1998-07-01,Hinapia,South Korea
Eunyoung,Joo Eunyoung,1992-06-12,Two X,South Korea
Exy,Chu Sojung,1995-11-06,WJSN,South Korea
Eyedi,Nam Yujin,1995-12-08,,South Korea
Fatou,Fatou Samba,1995-03-23,Blackswan,Belgium
Fei,Wang FeiFei,1987-04-27,miss A,China
G.NA,Gina Jane Choi,1987-09-13,,Canada
Gabi,Gabriela Strassburger Dalcin,2002-11-07,Blackswan,Brazil
Gabin,Kim Gabin,1989-09-18,Blady,South Korea
Gaeul,Park Gaeul,1999-05-08,Favorite,South Korea
Gaeul,Kim Gaeul,2002-09-24,IVE,South Korea
Gaeun,Cho Kaeun,1992-07-28,,South Korea
Gaeun,Oh Gaeun,2005-11-08,Madein,South Korea
Gaeun,Lee Gaeun,2000-07-18,ARTBEAT,South Korea
Gaga,Lee Soobin,1994-11-10,Gate9,South Korea
Gaga,Li Jia Jia,1999-09-01,,China
Gahyeon,Lee Gahyeon,1999-02-03,Dreamcatcher,South Korea
Gain,Son Gain,1987-09-20,Brown Eyed Girls,South Korea
Gaon,Beom Gaon,2001-03-09,Bonus Baby,South Korea
Garam,Kim Garam,2005-11-16,,South Korea
Gayoon,Heo Gayoon,1990-05-18,4minute,South Korea
Gayoung,Kim Gayoung,1991-12-02,Stellar,South Korea
Gehlee,Gehlee Dangca,2007-08-19,UNIS,Philippines
Genie,Cho Heejin,2002-03-19,TRACER,South Korea
Geumhee,Han Geumhee,2005-03-04,CSR,South Korea
Geummi,Baek Boram,1988-06-18,Crayon Pop,South Korea
Giru,Park Giru,1991-08-14,Blady,South Korea
Giselle,Uchinaga Aeri,2000-10-30,aespa,Japan
Goeun,Na Goeun,1999-09-03,Purple Kiss,South Korea
Gowon,Park Chaewon,2000-11-19,Loossemble,South Korea
Gowoon,Moon Yujeong,1998-12-18,Berry Good,South Korea
Gracie,Kim Gaeun,1996-10-28,H.U.B,South Korea
Gyuri,Park Gyuri,1988-05-21,KARA,South Korea
Gyuri,Jang Gyuri,1997-12-27,,South Korea
Habin,Yoo Habin,2002-03-10,,South Korea
Haebin,Han Haebin,1995-08-16,Gugudan,South Korea
Haein,Yeom Haein,1995-05-19,LABOUM,South Korea
Haena,Lee Haena,1991-06-02,Matilda,South Korea
Haena,Jeon Eunbi,2002-02-19,ANS,South Korea
Haeri,Lee Haeri,1985-02-14,Davichi,South Korea
Haeri,Jung Haeri,1997-01-14,P.O.P,South Korea
Haerin,Kang Haerin,2006-05-15,NewJeans,South Korea
Haeryeong,Na Haeryeong,1994-11-11,BESTie,South Korea
Haeun,Yoon Haeun,1999-03-12,3YE,South Korea
Haeun,Lim Haeun,2008-11-02,Lapillus,South Korea
Haeun,Lee Haeun,2002-06-25,ARTBEAT,South Korea
Haewon,Oh Haewon,2003-02-25,NMIXX,South Korea
Haeyeon,Lee Taeyeon,1994-01-11,Gate9,South Korea
Haeyoon,Park Haeyoon,1996-01-10,Cherry Bullet,South Korea
Hajeong,Lee Hajeong,1997-09-23,,South Korea
Han Hyeri,Han Hyeri,1997-08-24,I.B.I,South Korea
Han Leeseul,Han Jiyoon,2000-02-12,Rockit Girl,South Korea
Hana,Shin Bora,1993-04-30,Gugudan,South Korea
Hana,Jung Hana,1990-02-02,SECRET,South Korea
Hana,Hayase Hana,2000-02-27,ILY:1,Japan
Hanbyeol,Ahn Hanbyeol,2003-10-13,,South Korea
Hanbyul,Kyung Hanbyul,2005-07-01,PRECIOUS,South Korea
Handong,Han Dong,1996-03-26,Dreamcatcher,China
Haneul,Choi Haneul,2000-11-28,Saturday,South Korea
Haneul,Won Haneul,2005-05-25,KISS OF LIFE,South Korea
Hani,Ahn Hee-yeon,1992-05-01,EXID,South Korea
Hanna,Shin Jiyeon,1994-02-19,MIXX,South Korea
Hannah,Bae Hyunyoung,1999-10-23,Queenz Eye,South Korea
Hannah,Kang Minkyung,2003-01-04,X:IN,South Korea
Hanni,Pham Ngoc Han,2004-10-06,NewJeans,Vietnam
Hanwoom,Byun Hanwoom,2001-06-05,PRECIOUS,South Korea
Haram,Kim Haram,2001-01-13,Billlie,South Korea
Haram,Shin Haram,2007-10-17,BABYMONSTER,South Korea
Haram,Yoo Haram,2007-04-12,Hearts2Hearts,South Korea
Hara†,Koo Hara,1991-01-13,KARA,South Korea
Hari,,2005-04-08,Girls' World,Japan
Harin,,1995-11-21,Lusty,South Korea
Harin,Park Guenhye,2000-05-26,Pink Fantasy,South Korea
Harin,Seo Harin,2000-12-07,BOTOPASS,South Korea
Haru,Han Sangsook,1994-07-06,Gate9,South Korea
Haru,Abe Haruno,2000-02-21,NATURE,Japan
Haru,Lee Yoojeong,1997-02-26,Ho1iday,South Korea
Haruna,Osato Haruna,2006-01-30,Billlie,Japan
Haseul,Jo Haseul,1997-08-18,ARTMS,South Korea
Hayeon,Jeong Hayeon,2007-08-01,tripleS,South Korea
Hayoon,Jung Hayoon,1998-11-21,Bonus Baby,South Korea
Hayoung,Oh Hayoung,1996-07-19,Apink,South Korea
Hayoung,Lee Hayoung,1993-08-03,Playback,South Korea
Hayoung,Song Hayoung,1997-09-29,fromis_9,South Korea
Hayun,Lee Hayun,1994-08-29,,South Korea
Hayun,Choi Hayun,2004-01-16,Hi-L,South Korea
Hayun,Ha Seyun,2003-11-20,PRIMROSE,South Korea
Heejin,Jeon Heejin,2000-10-19,ARTMS,South Korea
Heejin,Song Heejin,1995-08-19,Good Day,South Korea
Heejoo,Jeon Heejoo,1996-11-30,Ho1iday,South Korea
Heeo,Gwak Heeoh,1994-05-02,4TEN,South Korea
Heesu,Kim Heesu,1998-03-24,Maka Maka,South Korea
Heesun,Park Heesun,2005-01-25,Pink Fantasy,South Korea
Heeyu,Choi Heejae,1995-06-30,MIXX,South Korea
Henny,Kang Gayoung,1994-12-01,,South Korea
High.D,Kim Dohee,1996-12-21,Sonamoo,South Korea
Hikaru,Ezaki Hikaru,2004-03-12,Kep1er,Japan
Hina,Nagai Hina,2003-04-07,LIGHTSUM,Japan
Hitomi,Honda Hitomi,2001-10-06,IZ*ONE,Japan
Hu'e,Kim Inhye,2003-11-20,BADVILLAIN,South Korea
Huihyeon,Ki Huihyeon,1995-06-16,DIA,South Korea
Huiyeon,Oh Huiyeon,2005-08-01,,South Korea
Hwasa,Ahn Hyejin,1995-07-23,Mamamoo,South Korea
Hwiseo,Jo Hwihyeon,2002-07-31,H1-KEY,South Korea
Hyangsuk,Lee Hyangsuk,1991-04-24,2EYES,South Korea
Hyebin,Lee Hyebin,1996-01-12,MOMOLAND,South Korea
Hyebin,Im Hyebin,1999-11-10,Highteen,South Korea
Hyebin,Kim Hyebin,1997-03-29,AREAL,South Korea
Hyein,Lee Hyein,2008-04-21,NewJeans,South Korea
Hyejeong,Shin Hyejeong,1993-08-10,AoA,South Korea
Hyeji,Jeong Hyeji,1992-04-02,4TEN,South Korea
Hyejin,Baek Hyejin,1996-11-21,4TEN,South Korea
Hyejin,Kang Hyejin,2000-07-13,CRAXY,South Korea
Hyejoo,Park Hyunjoo,1999-01-12,Highteen,South Korea
Hyeju,Son Hyeju,2001-11-13,Loossemble,South Korea
Hyeju,Hong Hyeju,2003-12-09,CLASS:y,South Korea
Hyemi,Pyo Hyemi,1991-04-03,9Muses,South Korea
Hyemi,Kim Hyemi,1990-08-10,Fiestar,South Korea
Hyeoeun,Lee Hyoeun,1993-03-16,Stellar,South Korea
Hyeongshin,Kim Hyungshin,2002-05-03,HOT ISSUE,South Korea
Hyeran,Noh Hyeran,1993-04-09,,South Korea
Hyeri,Lee Hyeri,1994-06-09,Girl's Day,South Korea
Hyerim,Woo Hyerim,1992-09-01,Wonder Girls,South Korea
Hyerin,Seo Hyerin,1993-08-23,EXID,South Korea
Hyerin,Kim Hyerin,1993-06-13,2EYES,South Korea
Hyerin,Jeong Hyerin,2007-04-12,tripleS,South Korea
Hyewon,Kang Hyewon,1999-07-05,IZ*ONE,South Korea
Hyeyeon,Kang Hyeyeon,1990-12-08,BESTie,South Korea
Hyeyeon,Cho Hyeyeon,2000-08-05,,South Korea
Hyogyeong,Jang Hyogyeong,1999-11-15,ARIAZ,South Korea
Hyojung,Choi Hyojung,1994-07-28,Oh My Girl,South Korea
Hyomin,Park Sunyoung,1989-05-30,T-ara,South Korea
Hyori,Inn Hyori,2000-06-02,mimiirose,South Korea
Hyorin,Kim Hyojung,1990-12-11,SISTAR,South Korea
Hyosun,Lim Hyosun,1998-07-10,H.U.B,South Korea
Hyosung,Jun Hyoseong,1989-10-13,SECRET,South Korea
Hyoyeon,Kim Hyoyeon,1989-09-22,SNSD,South Korea
HyunA,Kim Hyuna,1992-06-06,4minute,South Korea
Hyuna,Moon Hyuna,1987-01-19,,South Korea
Hyunbin,Kim Hyunbin,2004-05-26,TRI.BE,South Korea
Hyungseo,Myeong Hyeongseo,2001-06-25,CLASS:y,South Korea
Hyunji,Kim Hyunji,1992-06-30,Hashtag,South Korea
Hyunjin,Kim Hyunjin,2000-11-15,Loossemble,South Korea
Hyunjoo,Lee Hyunjoo,1998-02-05,UNI.T,South Korea
Hyunseo,Go Hyunseo,1999-06-17,,South Korea
Hyunyoung,Cho Hyunyoung,1991-08-11,Rainbow,South Korea
I,Cha Yoonji,1996-12-02,,South Korea
I.L,Kim Jiwon,1997-07-01,IRRIS,South Korea
Iaan,Yoo Dongju,2002-03-22,XUM,South Korea
Ida,Ko Chaeyoung,2000-05-19,MAJORS,South Korea
Ina,Jeong Yina,2004-06-08,BADVILLAIN,South Korea
Ireh,Cho Seoyoung,2002-04-30,Purple Kiss,South Korea
Irene,Bae Juhyun,1991-03-29,Red Velvet,South Korea
Iroha,Hokazuno Iroha,2008-02-04,ILLIT,Japan
Isa,Lee Chaeyoung,2002-01-23,STAYC,South Korea
Isol,,1997-05-01,Lusty,South Korea
IU,Lee Jieun,1993-05-16,,South Korea
J,Lee Yeji,1998-02-12,ANS,South Korea
J,Jang Yeeun,2004-12-09,STAYC,South Korea
J.Min,Shin Minjung,1994-11-20,Tiny-G,South Korea
Jackie,Kang Chaeyeon,2001-11-17,ICHILLIN',USA
Jaehee,Lee Jaehee,2004-03-18,Weeekly,South Korea
Jaekyung,Kim Jaekyung,1988-12-24,Rainbow,South Korea
Jamie,Park Jimin,1997-07-05,15&,South Korea
Jane,Sung Jiyeon,1997-12-20,MOMOLAND,South Korea
Jea,Kim Hyojin,1981-09-18,Brown Eyed Girls,South Korea
Jeewon,Kim Jiwon,1999-04-01,Cignature,South Korea
Jei,Kim Jinhee,1989-09-05,Fiestar,South Korea
Jenna,Kim Minji,2006-10-06,,South Korea
Jennie,Kim Jennie,1996-01-16,BLACKPINK,South Korea
Jenny,Lee Soyul,1996-09-04,,South Korea
Jeonghee,Go Jeonghee,2000-03-11,Favorite,South Korea
Jeongyeon,Yoo Jeongyeon,1996-11-01,Twice,South Korea
Jeonyul,Jeon Yuri,1994-03-20,Stellar,South Korea
Jerrry,Ahn Sohyun,1992-08-27,Tahiti,South Korea
Jessica,Jessica Jung,1989-04-18,,South Korea
Jia,Meng Jia,1989-02-03,miss A,China
Jia,Guo Jiajia,2005-07-30,TRI.BE,China
Jia,Yoon Jia,2004-01-16,mimiirose,South Korea
Jiae,Yoo Jiae,1993-05-21,Lovelyz,South Korea
Jiae,Kim Jiae,1995-10-31,Wassup,South Korea
Jian,Kwon Jieun,2001-03-14,LUNARSOLAR,South Korea
Jian,Kim Jian,2006-11-04,,South Korea
Jiana,Noh Jihyeon,2006-02-02,YOUNG POSSE,South Korea
Jieun,Song Jieun,1990-05-05,SECRET,South Korea
Jieun,Park Jieun,1997-09-04,,South Korea
Jieun,Choi Jieun,2001-03-03,Bling Bling,South Korea
Jieun,Han Jieun,2009-11-05,YOUNG POSSE,South Korea
Jihan,Han Jihyo,2004-07-12,Weeekly,South Korea
Jiheon,Baek Jiheon,2003-04-17,fromis_9,South Korea
Jiho,Kim Jiho,1997-04-04,,South Korea
Jihyo,Park Jisoo,1997-02-01,Twice,South Korea
Jihyo,Lee Jihyo,2001-04-22,PRECIOUS,South Korea
Jihyun,Nam Jihyun,1990-01-09,4minute,South Korea
Jimin,Shin Jimin,1991-01-08,,South Korea
Jimin,Won Jimin,2007-11-25,CLASS:y,South Korea
JIN,Park Myungeun,1996-06-12,Lovelyz,South Korea
JinE,Shin Hyejin,1995-01-22,,South Korea
Jinha,Kim Jinha,2003-11-21,TRI.BE,South Korea
Jinhui,,1996-11-21,Lusty,South Korea
Jinju,Park Jinju,1990-04-28,,South Korea
Jinni,Choi Yujin,2004-04-16,,South Korea
Jinny,Park Jinhee,1998-01-19,SECRET NUMBER,South Korea
Jinsol,Lee Jinsol,2001-12-04,APRIL,South Korea
JinSoul,Jung Jinsol,1997-06-13,ARTMS,South Korea
Jisoo,Seo Jisoo,1994-02-11,Lovelyz,South Korea
Jisoo,Kim Jisoo,1995-01-03,BLACKPINK,South Korea
Jisoo,Shin Jisoo,1994-02-28,Tahiti,South Korea
Jisoo,Jung Jisoo,2003-11-22,Busters,South Korea
Jisook,Kim Jisook,1990-07-18,Rainbow,South Korea
Jisun,Roh Jisun,1998-11-23,fromis_9,South Korea
Jisun,Hwang Jisun,1989-10-17,S#aFLA,South Korea
Jiu,Kim Minji,1994-05-17,Dreamcatcher,South Korea
Jiwon,Yang Jiwon,1988-04-05,UNI.T,South Korea
Jiwon,Park Jiwon,1998-03-20,fromis_9,South Korea
Jiwon,Heo Jiwon,2000-09-04,Cherry Bullet,South Korea
Jiwon,Park Jiwon,1997-03-17,BOTOPASS,South Korea
Jiwoo,Jeon Jiwoo,1996-10-04,KARD,South Korea
Jiwoo,Kim Jiwoo,2005-04-13,NMIXX,South Korea
Jiwoo,Lee Jiwoo,2005-10-24,tripleS,South Korea
Jiwoo,Choi Jiwoo,2006-09-07,Hearts2Hearts,South Korea
Jiyeon,Park Jiyeon,1993-06-07,T-ara,South Korea
Jiyoon,Jeon Jiyoon,1990-10-15,4minute,South Korea
Jiyoon,Woo Jiyoon,1996-01-06,Bolbbalgan4,South Korea
Jiyoon,Shin Jiyoon,2002-03-02,,South Korea
Jiyoon,Jeong Jiyoon,2000-09-15,ICHILLIN',South Korea
Jiyou,Im Changsook,1989-06-15,Two X,South Korea
Jiyoung,Kang Jiyoung,1994-01-18,KARA,South Korea
Jiyoung,Ahn Jiyoung,1995-09-14,Bolbbalgan4,South Korea
Jiyul,Yang Jungyoon,1991-07-30,,South Korea
JK,Kim Jikang,1998-03-17,Girlkind,South Korea
Johyun,Shin Jiwon,1996-04-14,Berry Good,South Korea
JOO,Jung Minjoo,1990-10-11,,South Korea
Joo E,Lee Joowon,1999-08-18,MOMOLAND,South Korea
JooA,Lee Juhyun,2002-03-04,Hi-L,South Korea
Joobin,Joo Bin,2009-01-16,tripleS,South Korea
Jooeun,Kim Jooeun,2008-12-03,Hearts2Hearts,South Korea
Joonie,Park Junhee,2002-05-24,ICHILLIN',USA
Jooyeon,Lee Jooyeon,1987-03-19,,South Korea
Joy,Park Sooyoung,1996-09-03,Red Velvet,South Korea
Judy,Kim Dahye,1995-05-16,,South Korea
Jueun,Lee Jooeun,1995-07-07,DIA,South Korea
Jueun,Jo Jueun,2001-01-27,ARIAZ,South Korea
Juhyeon,Lee Juhyeon,2004-04-08,LIGHTSUM,South Korea
Juhyun,Cha Juhyun,2000-04-01,Bling Bling,South Korea
Juju,Park Juyoung,1996-01-03,Gate9,South Korea
Julie,Julie Han,2000-03-29,KISS OF LIFE,South Korea
Jungah,Kim Jungah,1983-08-02,,South Korea
Junghwa,Park Junghwa,1995-05-08,EXID,South Korea
Jungwoo,Uhm Jungwoo,1999-04-02,BVNDIT,South Korea
Juri,Takahashi Juri,1997-10-03,Rocket Punch,Japan
Juyeon,Lee Juyeon,2001-11-06,Saturday,South Korea
K.Me,Na Miri,1992-04-10,BADKIZ,South Korea
Kady,Gu Dokyoung,1995-04-07,Gate9,South Korea
Kaede,Yamada Kaede,2005-12-20,tripleS,Japan
Kaeun,Lee Kaeun,1994-08-20,After School,South Korea
Kahi,Park Jiyoung,1980-12-25,,South Korea
Karin,Min Karin,2002-01-05,ALICE,South Korea
Karin,Baek Yerin,2000-04-23,CRAXY,South Korea
Karina,Yoo Jimin,2000-04-11,aespa,South Korea
Kazuha,Nakamura Kazuha,2003-08-09,LE SSERAFIM,Japan
Keena,Song Jakyung,2002-07-09,FIFTY FIFTY,South Korea
Kei,Kim Jiyeon,1995-03-20,Lovelyz,South Korea
Keina,Lee Yoona,1999-02-12,H.U.B,South Korea
Kelly,Lin Kelly,2002-01-16,TRI.BE,Taiwan
Kelly,Ha Seoyeon,2006-06-16,BADVILLAIN,South Korea
Keumjo,Lee Keumjo,1992-12-17,9Muses,South Korea
Kiara,Baek Jinjoo,1998-08-20,,South Korea
Kim Lip,Kim Jungeun,1999-02-10,ARTMS,South Korea
Kokoro,Kato Kokoro,2000-11-01,,Japan
Kongyoo,Kong Yoojin,2001-05-11,Bonus Baby,South Korea
Kotoko,Fujiyosi Kotoko,2007-10-28,UNIS,Japan
Kotone,Kamimoto Kotone,2004-03-10,tripleS,Japan
Kriesha Chu,Kriesha Ziskind Teo Tiu,1998-12-20,,Philippines
Krystal,Krystal Jung,1994-10-24,f(x),South Korea
Kyla,Kyla Massie,2001-12-26,Pristin,USA
Kyrin,Park Geumju,2000-02-23,Girls' World,South Korea
Kyujin,Jang Kyujin,2006-05-26,NMIXX,South Korea
Kyulkyung,Zhou Jieqiong,1998-12-16,Pristin,China
Kyungri,Park Kyungri,1990-07-05,9Muses,South Korea
Lara,Moon Shinae,2000-08-09,Dreamnote,South Korea
Layeon,Lee Jimin,1998-08-13,Purplebeck,South Korea
LE,Ahn Hyejin,1991-12-10,EXID,South Korea
Lea,Ogawa Mizuki,1995-08-12,SECRET NUMBER,Japan
Lee Haein,Lee Haein,1992-07-04,I.B.I,South Korea
Lee Jin,Shim Yerin,2001-03-12,Hi-L,South Korea
Lee Soo,Jin Isoo,2001-06-27,PRECIOUS,South Korea
Lee Suhyun,Lee Suhyun,1996-11-05,I.B.I,South Korea
Leean,Jang Leean,2009-10-09,Hearts2Hearts,South Korea
Leeseo,Lee Hyunseo,2007-02-21,IVE,South Korea
Leia,Larissa Kartes,2001-05-14,Blackswan,Brazil
Lena,Kang Rena,2002-04-17,GWSN,South Korea
Lia,Choi Jisu,2000-07-21,ITZY,South Korea
Lily,Lily Jin Morrow,2002-10-17,NMIXX,Australia
Lime,Kim Hyerim,1993-01-19,Hello Venus,South Korea
Lin Lin,Huang Ziting,2003-07-05,,Taiwan
Lina,Oh Sejin,1997-07-27,ANS,South Korea
Lina,Oh Hyesoo,1997-05-23,RedSquare,South Korea
Linzy,Im Minji,1989-10-22,Fiestar,South Korea
Lisa,Pranpriya Manoban,1997-03-27,BLACKPINK,Thailand
Liv,Kim Chaeyoung,1997-07-05,IRRIS,South Korea
Liv,Jin Kyungeun,2006-10-11,RESCENE,South Korea
Liyah,Moon Liya,2000-05-11,MIXX,South Korea
Liz,Kim Jiwon,2004-11-21,IVE,South Korea
Lizzy,Park Sooyoung,1992-07-31,After School,South Korea
Loha,Kang Yejin,2001-12-27,Nature,South Korea
Lola,Choi Yoojung,2001-02-22,Pixy,South Korea
Lu,Im Hayoung,1997-12-03,NATURE,South Korea
LuA,Jo Hankyeung,1991-09-14,BADKIZ,South Korea
Lua,Kim Sookyung,2000-10-06,Weki Meki,South Korea
Lua,,2002-01-30,KELT9b,South Korea
Lucy,Noh Hyojung,2002-08-31,Weki Meki,South Korea
Lucy,Kim Daeun,2004-04-09,woo!ah!,South Korea
Luda,Lee Luda,1997-03-06,WJSN,South Korea
Luna,Park Sunyoung,1993-08-12,f(x),South Korea
Lynn,Kawakami Rin,2006-04-12,tripleS,Japan
Marin,Yasufuku Marin,2001-03-17,Bling Bling,Japan
Mashiro,Sakamoto Mashiro,1999-12-16,Madein,Japan
May,Jeong Chaeyoung,2001-07-27,,South Korea
May,Hirokawa Mao,2004-11-16,Cherry Bullet,Japan
May,Lee Yebin,2008-08-19,RESCENE,South Korea
Mayna,Simone Shaoxi Mengna,2000-05-12,HOT ISSUE,China
Mayu,Kouma Mayu,2001-05-12,tripleS,Japan
Medic Jin,Bae Yujin,1996-08-25,Girlkind,South Korea
Meiqi,Meng Meiqi,1998-10-15,,China
Mia,Son Hyunmi,1997-12-31,MIXX,South Korea
Mia,Han Eunji,2000-01-13,Everglow,South Korea
Mihee,Lee Mihee,2000-08-24,BOTOPASS,South Korea
Mijoo,Lee Mijoo,1994-09-23,Lovelyz,South Korea
Mika,Yu Dahyun,2002-01-08,Geenius,South Korea
Miko,Matsuda Miko,1995-10-28,Honey Popcorn,Japan
Miku,Katae Miku,2002-10-09,Pink Fantasy,Japan
Mimi,Jung Mimi,1993-01-01,Gugudan,South Korea
Mimi,Kim Mihyun,1995-05-01,Oh My Girl,South Korea
Min,Lee Minyoung,1991-06-21,miss A,South Korea
Mina,Kwon Mina,1993-09-21,,South Korea
Mina,Myoui Mina,1997-03-24,Twice,Japan
Mina,Kang Mina,1999-12-04,Gugudan,South Korea
Minah,Bang Minah,1993-05-13,Girl's Day,South Korea
Minami,Ito Minami,2006-11-29,RESCENE,Japan
Minha,Park Minha,1991-06-27,,South Korea
Minhee,Joo Minhee,1993-01-03,Stellar,South Korea
Mini,,2000-06-12,Purplebeck,South Korea
Minjae,Seong Minjae,1994-12-18,Sonamoo,South Korea
Minjae,Shin Minjae,1991-08-13,Tahiti,South Korea
Minji,Kim Minji,2001-01-16,Busters,South Korea
Minji,Kim Minji,2004-05-07,NewJeans,South Korea
Minji,Park Minji,1999-03-31,SECRET NUMBER,South Korea
Minjoo,Kim Minjoo,2001-02-05,IZ*ONE,South Korea
Minju,Kang Minjoo,2001-03-11,GWSN,South Korea
Minju,Seo Minju,2003-09-29,KELT9b,South Korea
Minju,Park Minju,2004-05-11,ILLIT,South Korea
Minjung,Cha Minjung,2004-07-15,,South Korea
Minkyung,Kang Minkyung,1990-08-03,Davichi,South Korea
Minnie,Nicha Yontararak,1997-10-23,(G)I-DLE,Thailand
Minseo,Kim Minseo,2004-08-12,woo!ah!,South Korea
Minseo,Park Minseo,2003-03-21,Saturday,South Korea
Mint,Kunpat Phonpawiworakun,1994-06-23,Tiny-G,Thailand
Minyoung,Kim Minyeong,1990-09-12,Brave Girls,South Korea
Minzy,Kong Minji,1994-01-18,2NE1,South Korea
Mire,Su Mire,2006-03-26,TRI.BE,Japan
Miryo,Jo Mihye,1981-11-02,Brown Eyed Girls,South Korea
Miso,Park Miso,1991-04-04,Tahiti,South Korea
Miso,Park Jihyun,1996-09-16,P.O.P,South Korea
Miso,Jeon Jimin,2000-10-25,Dreamnote,South Korea
MiU,Ito Miyu,2003-01-09,Madein,Japan
Miya,Miyauchi Haruka,1993-05-26,GWSN,Japan
Miyeon,Jo Miyeon,1997-01-31,(G)I-DLE,South Korea
Moka,Sakai Moka,2004-10-08,ILLIT,Japan
Moko,Sakura Moko,1991-03-19,Honey Popcorn,Japan
Momo,Hirai Momo,1996-11-09,Twice,Japan
Momoka,Matsuda Momoka,2000-12-26,Pink Fantasy,Japan
Monday,Kim Jimin,2002-05-10,Weeekly,South Korea
Monika,Kang Yeh,1991-05-21,BADKIZ,South Korea
Moon Sua,Moon Sua,1999-09-09,Billlie,South Korea
Moonbyul,Moon Byulyi,1992-12-22,Mamamoo,South Korea
Moonhee,Choi Moonhee,1997-04-15,Bonus Baby,South Korea
Myungji,Kim Myungji,1997-10-09,Tiny-G,South Korea
Nada,Yoon Yejin,1991-05-24,,South Korea
Naeun,Son Naeun,1994-02-10,,South Korea
Naeun,Lee Naeun,1999-05-05,APRIL,South Korea
Nagomi,Abe Nagomi,2007-07-02,Madein,Japan
Nahyun,Kim Nahyun,1995-12-09,Sonamoo,South Korea
Nahyun,Kang Nahyun,2002-01-25,PRIMROSE,South Korea
Nako,Yabuki Nako,2001-06-18,IZ*ONE,Japan
Nakyung,Lee Nakyung,2000-06-01,fromis_9,South Korea
Nakyung,Kim Nakyung,2002-10-13,tripleS,South Korea
Namjoo,Kim Namjoo,1995-04-15,Apink,South Korea
Nana,Im Jinah,1991-09-14,After School,South Korea
Nana,Kwon Nayeon,2001-03-09,woo!ah!,South Korea
Nana,Ezumi Nana,2007-06-06,UNIS,Japan
Nancy,Nancy Mcdonie,2000-04-13,MOMOLAND,South Korea
Nara,Kwon Nara,1991-03-13,Hello Venus,South Korea
Narae,Park Narae,1988-02-23,SPICA,South Korea
Nari,Kim Nari,1992-10-05,Wassup,South Korea
Narin,Lee Narin,2001-10-29,Bling Bling,South Korea
Narin,Lee Eunseo,2000-06-06,Queenz Eye,South Korea
Narsha,Park Hyojin,1981-12-28,Brown Eyed Girls,South Korea
Natty,Ahnatchaya Suputhipong,2002-05-30,KISS OF LIFE,Thailand
Nayeon,Im Nayeon,1995-09-22,Twice,South Korea
Nayeon,Kim Nayeon,2010-04-19,Hearts2Hearts,South Korea
Nayoung,Kim Nayoung,1995-11-23,Gugudan,South Korea
Nayoung,Im Nayoung,1995-12-18,Pristin,South Korea
Nayoung,Kim Nayoung,2002-11-30,LIGHTSUM,South Korea
Nayu,Kim Yewon,2002-07-23,ILY:1,South Korea
Nayun,Kim Nayun,1998-07-31,MOMOLAND,South Korea
NC.A,Im Soeun,1996-10-07,UNI.T,South Korea
New Sun,Choi Yoonsun,1997-06-19,Sonamoo,South Korea
Nicole,Nicole Jung,1991-10-07,KARA,South Korea
Nien,Hsu Nien Tsu,2003-06-02,tripleS,Taiwan
Nina,Nina Nadia Mateer,2003-03-15,IRRIS,Australia
Ningning,Ning Yizhuo,2002-10-23,aespa,China
Nizz,Hwang Sujeong,2001-07-07,X:IN,South Korea
Noeul,No Eul,1989-05-10,Rainbow,South Korea
Nova,Maria Pavlovna Emelyanova,2002-10-10,X:IN,Russia
Nvee,Florence Alena Smith,1999-01-10,Blackswan,USA
Onda,Jo Selim,2000-05-18,Everglow,South Korea
Pharita,Pharita Chaikong,2005-08-26,BABYMONSTER,Thailand
Qri,Lee Jihyun,1986-12-12,T-ara,South Korea
Rachel,Sung Nayeon,2000-08-28,APRIL,South Korea
Raina,Oh Hyerin,1989-05-07,After School,South Korea
Rainie,Chu Chingyu,2000-11-16,PRIMROSE,Taiwan
Raon,Lee Seoyoung,2000-01-21,ANS,South Korea
Rayeon,Lee Rayeon,2001-11-24,FANATICS,South Korea
Red,Lee Heejin,1991-07-10,Pungdeng-E,South Korea
Rei,Naoi Rei,2004-02-03,IVE,Japan
Remi,Katsuno Rise,2001-04-26,Cherry Bullet,Japan
Rena,Kang Yebin,1998-10-19,Hinapia,South Korea
Ria,Kuwayama Ria,1998-02-03,BOTOPASS,Japan
Riina,Lee Seunghyeon,2001-02-21,H1-KEY,South Korea
Rina,Kang Soeun,2001-09-27,Weki Meki,South Korea
Rinji,Hwang Rinji,2006-05-05,Pixy,South Korea
Ririka,Kishida Ririka,2002-07-02,ILY:1,Japan
Riwon,Kim Riwon,2007-01-11,CLASS:y,South Korea
Roa,Kim Minkyung,1997-07-29,Hinapia,South Korea
Roa,Kwak Jieun,1994-10-06,,South Korea
Rona,Chang Ching,2002-06-05,ILY:1,Taiwan
Rora,Lee Dain,2008-08-05,BABYMONSTER,South Korea
Rosé,Roseanne Park,1997-02-11,BLACKPINK,South Korea
Royeon,Jeon Hyunjoo,1998-02-20,ANS,South Korea
Ruby,Heo Jiwon,2002-08-21,PRIMROSE,South Korea
Rui,Watanabe Rui,1994-10-08,H.U.B,Japan
Ruka,Kawai Ruka,2002-03-20,BABYMONSTER,Japan
Ryujin,Shin Ryujin,2001-04-17,ITZY,South Korea
Saebom,Kim Saerok,1997-01-30,NATURE,South Korea
Saebom,Kim Seyoung,1995-01-13,Favorite,South Korea
Saebyeok,Shim Jaeyoung,1996-11-09,Ho1iday,South Korea
Saebyeol,Han Saebyeol,1996-05-23,Matilda,South Korea
Saena,Jung Sehyun,2004-03-12,FIFTY FIFTY,South Korea
Saerom,Lee Saerom,1997-01-07,fromis_9,South Korea
Sakura,Miyawaki Sakura,1998-03-19,LE SSERAFIM,Japan
Sally,Liu Xiening,1996-10-23,Gugudan,China
Sana,Minatozaki Sana,1996-12-29,Twice,Japan
Sang,Cui Xiang,1995-01-26,Clear:I,China
Sanga,Lee Sanga,1999-08-05,,South Korea
Sangah,Yoo Sangah,2002-09-04,LIGHTSUM,South Korea
Sarang,Choi Sarang,2007-11-30,Candy Shop,South Korea
Satbyeol,Jeon Yujin,2001-02-27,,South Korea
Sea,Kim Sujeong,1999-12-05,Highteen,South Korea
Seea,Kang Eunyoung,1994-08-21,Pink Fantasy,South Korea
Seeun,Yoon Seeun,2003-06-14,STAYC,South Korea
Segye,Shin Segye,1998-08-19,AREAL,South Korea
Sehyung,Kang Sehyung,1998-12-13,Berry Good,South Korea
Sei,Lee Seojung,2000-01-07,Weki Meki,South Korea
Sejeong,Kim Sejeong,1996-08-28,Gugudan,South Korea
Seline,Jung Yeonjeong,2000-06-20,Cignature,South Korea
Semi,Gu Semi,2002-04-10,Cignature,South Korea
Semmi,Oh Heesun,1995-10-22,Matilda,South Korea
Sena,Lim Yena,2005-10-12,ADYA,South Korea
Seohyun,Seo Joohyun,1991-06-28,SNSD,South Korea
Seoi,Lee Yejin,2000-02-12,H1-KEY,South Korea
Seokyoung,Kim Seokyung,1999-04-16,GWSN,South Korea
Seol,Min Jihye,1997-01-01,P.O.P,South Korea
Seola,Kim Hyunjung,1994-12-24,WJSN,South Korea
Seolhyun,Kim Seolhyun,1995-01-03,AoA,South Korea
Seonyu,Kim Seonyu,2008-03-20,CLASS:y,South Korea
Seoryoung,Lee Seoryung,2000-01-26,GWSN,South Korea
Seowon,Jang Seowon,2006-12-05,Lapillus,South Korea
Seowon,Jung Seowon,2004-04-26,ADYA,South Korea
Seowon,Lim Seowon,2011-01-27,UNIS,South Korea
Seoyeon,Lee Seoyeon,2000-01-22,fromis_9,South Korea
Seoyeon,Kim Minju,1995-11-26,Favorite,South Korea
Seoyeon,Yoon Seoyeon,2003-08-06,tripleS,South Korea
Seoyeon,Ahn Seoyeon,2005-03-26,CSR,South Korea
Seoyoon,Kim Suyoung,1995-01-26,BOTOPASS,South Korea
Seoyoung,Lee Seoyoung,1994-06-27,Hello Venus,South Korea
Seoyul,Seo Yuri,1997-11-26,Berry Good,South Korea
Serina,Saito Serina,2006-05-03,Madein,Japan
Serri,Park Miyeon,1990-09-16,Dal Shabet,South Korea
Seulgi,Kang Seulgi,1994-02-10,Red Velvet,South Korea
Seulgi,Jeong Seulgi,1990-05-12,S#aFLA,South Korea
Seungah,Oh Seungah,1988-09-13,Rainbow,South Korea
Seungchae,Cho Seungchae,2006-10-26,ADYA,South Korea
Seungeun,Shim Seungeun,2000-12-27,BVNDIT,South Korea
Seunghee,Oh Seunghee,1995-10-10,CLC,South Korea
Seunghee,Hyun Seunghee,1996-01-25,Oh My Girl,South Korea
Seungmin,Lee Seungmin,1996-02-03,Hashtag,South Korea
Seungyeon,Jang Seunyeon,1996-11-06,CLC,South Korea
Seungyeon,Han Seungyeon,1988-07-24,KARA,South Korea
Seyeon,Park Seyeon,2001-05-06,Purplebeck,South Korea
Seyoung,Ha Seyoung,1999-02-03,ARTBEAT,South Korea
Shana,Nonaka Shana,2003-03-13,Lapillus,Japan
Sheon,Kim Suyeon,2003-01-28,Billlie,South Korea
Shiho,Kwon Subin,2001-08-22,BOTOPASS,South Korea
Shinye,Kam Yerim,2004-03-07,MAJORS,South Korea
Shinyoung,Park Shinyoung,2000-03-19,G-reyish,South Korea
Shion,Park Shion,2006-04-03,tripleS,South Korea
Shuhua,Yeh Shuhua,2000-01-06,(G)I-DLE,Taiwan
Sieun,Lee Sieun,1993-09-19,CHECKMATE,South Korea
Sieun,Park Sieun,2001-08-01,STAYC,South Korea
Sieun,Lee Sieun,2001-05-29,ARTBEAT,South Korea
Sihyeon,Kim Sihyeon,1999-08-05,Everglow,South Korea
Sihyeon,Kang Sihyeon,1998-07-15,ARIAZ,South Korea
Sihyeon,Hwang Sihyeon,2005-03-12,CSR,South Korea
Sihyun,Park Sihyun,1986-11-29,SPICA,South Korea
Sika,Ren Shika,1995-08-22,,China
Simyeong,Lee Simyeong,1999-05-27,BVNDIT,South Korea
SinB,Hwang Eunbi,1998-06-03,VIVIZ,South Korea
Sio,Jeong Jiho,2004-10-06,FIFTY FIFTY,South Korea
Sion,Ryu Sion,2001-03-07,Geenius,South Korea
Sitala,Sitala Wongkrachang,1996-04-23,,Thailand
Siyeon,Lee Siyeon,1995-10-01,Dreamcatcher,South Korea
Siyoon,Kim Siyoon,2005-02-16,Billlie,South Korea
Soeun,Park Soeun,2002-10-26,Weeekly,South Korea
Soeun,Bang Soeun,2005-12-10,TRI.BE,South Korea
Sohee,Kim Sohee,1995-01-20,Nature,South Korea
Sohee,Kim Sohee,1999-12-31,ALICE,South Korea
Sohee,Kim Sohee,2003-08-14,Rocket Punch,South Korea
Sohee,Uhm Sohee,2004-01-01,,South Korea
Sohye,Kim Sohye,1999-07-19,,South Korea
Sohyun,Kwon Sohyun,1994-08-30,4minute,South Korea
Sohyun,Park Sohyun,2002-10-13,tripleS,South Korea
Sojin,Park Sojin,1986-05-21,Girl's Day,South Korea
Sojin,Jo Sojin,1991-10-11,9Muses,South Korea
Sojin,Hong Sojin,1999-09-24,Hashtag,South Korea
Sojung,Lee Sojung,1993-09-03,Ladies' Code,South Korea
Solar,Kim Yongsun,1991-02-21,Mamamoo,South Korea
Solbin,Ahn Solbin,1997-08-19,LABOUM,South Korea
Solji,Heo Solji,1989-01-10,EXID,South Korea
Somi,Jeon Somi,2001-03-09,,South Korea
Somin,Jang Somin,1993-11-10,BADKIZ,South Korea
Somin,Jeon Somin,1996-08-22,KARD,South Korea
Somyi,Ahn Somyi,2000-01-26,DIA,South Korea
Songhee,Yoon Songhee,1998-11-08,BVNDIT,South Korea
SongSun,Kim Songsun,1997-03-22,TRI.BE,South Korea
Songyee,Park Songyee,2004-09-25,,South Korea
Soobin,Park Soobin,1996-09-14,WJSN,South Korea
Soodam,Lee Soodam,1999-11-09,SECRET NUMBER,South Korea
Soojin,Seo Soojin,1998-03-09,,South Korea
Soojin,Lee Soojin,2001-12-12,Weeekly,South Korea
Soojung,Hwang Soojung,2001-05-10,Hi-L,South Korea
Soomin,Kim Soomin,2007-10-03,tripleS,South Korea
Sooyoung,Choi Sooyoung,1990-02-10,SNSD,South Korea
Sora,Sakata Sora,2003-08-30,woo!ah!,Japan
Soram,Jung Soram,2005-09-24,Candy Shop,South Korea
Sorn,Chonnasorn Sajakul,1996-11-18,CLC,Thailand
Soso,Wang Chingyi,2001-03-14,GWSN,Taiwan
Sowon,Kim Sojung,1995-12-07,Gfriend,South Korea
Sowon,Nam Soeun,2004-12-13,TRACER,South Korea
Soyee,Jang Sojin,1996-11-21,Gugudan,South Korea
Soyeon,Jung Soyeon,1994-05-04,LABOUM,South Korea
Soyeon,Park Soyeon,1987-10-05,,South Korea
Soyeon,Jeon Soyeon,1998-08-26,(G)I-DLE,South Korea
Soyou,Kang Jihyun,1992-02-12,SISTAR,South Korea
Soyoung,Yoo Soyoung,1996-03-29,,South Korea
Soyul,Park Hyekyeong,1991-05-15,Crayon Pop,South Korea
Sriya,Sriya Lenka,2003-09-15,Blackswan,India
Sua,Kim Bora,1994-08-10,Dreamcatcher,South Korea
Sua,Yang Sua,1995-03-24,Hashtag,South Korea
Sua,Choi Sooah,2003-02-24,Pixy,South Korea
Sua,Yoo Sua,2005-07-23,CSR,South Korea
Subin,Park Subin,1994-02-12,Dal Shabet,South Korea
Subin,Oh Subin,1998-09-30,Hashtag,South Korea
Sugyeong,Jo Sugyeong,2000-01-12,Favorite,South Korea
Suhye,Kim Suhye,2004-12-13,Madein,South Korea
Suhyeon,Kim Seunghyun,1988-04-19,S#aFLA,South Korea
Suhyeon,Kim Suhyun,2000-01-15,Billlie,South Korea
Suhyun,Yoo Suhyun,2000-08-15,KELT9b,South Korea
Sui,Cho Sui,2007-08-15,Candy Shop,South Korea
Sujeong,Ryu Sujeong,1997-11-19,Lovelyz,South Korea
Suji,Lee Suji,1998-03-20,UNI.T,South Korea
Sujin,Bang Sujin,1996-06-26,Wassup,South Korea
Sulli†,Choi Jinri,1994-03-29,,South Korea
Sullyoon,Seol Yoona,2004-01-26,NMIXX,South Korea
Sumin,Ji Sumin,1994-03-03,Sonamoo,South Korea
Sumin,Park Sumin,2001-09-09,Dreamnote,South Korea
Sumin,Bae Sumin,2001-03-13,STAYC,South Korea
Sun J,Jeon Heesun,2001-02-13,Girlkind,South Korea
Sungah,Son Sungah,1989-07-08,9Muses,South Korea
Sungyeon,Bae Sungyeon,1999-05-25,Pristin,USA
Sunhwa,Han Sunhwa,1990-10-06,,South Korea
Sunhye,Jeong Sunhye,2004-04-12,YOUNG POSSE,South Korea
Sunmi,Lee Sunmi,1992-05-02,Wonder Girls,South Korea
Sunn,Hwang Jiwon,2000-02-07,,South Korea
Sunny,Lee Sunkyu,1989-05-15,SNSD,South Korea
Sunshine,Kim Minjung,2002-06-20,NATURE,South Korea
Suri,Kang Suri,1994-10-11,CHECKMATE,South Korea
Surin,Kim Surin,1991-12-27,Two X,South Korea
Suyeon,Ji Suyeon,1997-04-20,Weki Meki,South Korea
Suyun,Kim Suyun,2001-03-17,Rocket Punch,South Korea
Suzy,Bae Suji,1994-10-10,miss A,South Korea
Suzy,Kim Suji,2001-06-03,MAJORS,South Korea
Swan,Kim Suan,2000-12-28,CRAXY,South Korea
Swan,Park Soojin,2003-07-11,Purple Kiss,South Korea
Taeha,Yoo Taeha,1995-10-05,,South Korea
Taeha,Kim Taeha,1998-06-03,,South Korea
Taera,Lee Yujin,1994-04-12,Gate9,South Korea
Taeryeong,Lim Jeongmin,2000-12-27,LUNARSOLAR,South Korea
Taeyeon,Kim Taeyeon,1989-03-09,SNSD,South Korea
Terry,Han Dasom,1998-02-02,,South Korea
Tiffany,Hwang Miyoung,1989-08-01,SNSD,South Korea
Tina,Christine Joy Park,1994-09-01,Blady,USA
Tsuki,Fukutomi Tsuki,2002-09-21,Billlie,Japan
Tzuyu,Chou Tzuyu,1999-06-14,Twice,Taiwan
U-Si,Yoo Jiyeon,1997-11-13,BADKIZ,South Korea
Uchae,Yu Hyejun,2002-05-07,NATURE,South Korea
Uee,Kim Yujin,1988-04-09,,South Korea
Uji,Jang Yuji,1991-01-02,,South Korea
Umji,Kim Yewon,1998-08-19,VIVIZ,South Korea
Via,Kim Via,2000-08-17,FANATICS,South Korea
Victoria,Song Qian,1987-02-02,f(x),China
Viki,Kang Eunhye,1988-03-28,,South Korea
Vin,Choi Seobin,2004-11-27,BADVILLAIN,South Korea
Vita,Kim Jimin,2000-02-03,MAJORS,South Korea
Vivi,Wong Viian,1996-12-09,Loossemble,Hong Kong
Vivian,Park Sunghee,1998-12-08,Gate9,South Korea
Way,Heo Minsun,1990-07-12,Crayon Pop,South Korea
Wendy,Son Seunghwan,1994-02-21,Red Velvet,South Korea
Wheein,Jung Wheein,1995-04-17,Mamamoo,South Korea
Windy,Park Jinju,2000-02-23,Girls' World,South Korea
Winter,Kim Minjung,2001-01-01,aespa,South Korea
Wonchae,Hwang Chaewon,2002-12-22,Queenz Eye,South Korea
Wonhee,Lee Wonhee,2007-06-26,ILLIT,South Korea
Woni,Jeong Woni,2004-05-25,RESCENE,South Korea
Wony,Ahn Seungwon,2004-10-04,We;Na,South Korea
Wonyoung,Jang Wonyoung,2004-08-31,IVE,South Korea
Woo-ah,Kim Chaewon,1997-06-20,CRAXY,South Korea
Woohee,Bae Woohee,1991-11-21,Dal Shabet,South Korea
Woojoo,Kim Woojoo,1996-08-12,Wassup,South Korea
Woolim,Hwang Woolim,1996-08-29,Playback,South Korea
Woori,Go Woori,1988-02-22,Rainbow,South Korea
Wooyeon,Park Jinkyung,2003-02-11,woo!ah!,South Korea
Xeheun,Lee Seheun,1999-07-11,Girlkind,South Korea
XiaoTing,Shen Xiao Ting,1999-11-12,Kep1er,China
Xinyu,Zhou Xinyu,2001-05-25,tripleS,China
Xiyeon,Park Junghyun,2000-11-14,Pristin,South Korea
Xuanyi,Wu Xuanyi,1995-01-26,,China
Yeah,Kim Haeun,1999-10-09,,South Korea
Yebin,Baek Yebin,1997-07-13,DIA,South Korea
Yebin,Kim Yebin,2004-11-01,HOT ISSUE,South Korea
Yechan,Kim Yechan,1995-11-26,Pink Fantasy,South Korea
YeeEun,Jang Yeeun,1998-08-10,CLC,South Korea
Yeeun,Hwang Yeeun,1997-01-12,Blady,South Korea
Yeham,Gu Yeham,2005-10-07,CSR,South Korea
Yehana,Kim Yewon,1999-02-22,Pristin,South Korea
Yein,Jeong Yein,1998-06-04,Lovelyz,South Korea
Yein,Ahn Yein,1995-05-04,MELODYDAY,South Korea
Yeji,Hwang Yeji,2000-05-26,ITZY,South Korea
Yeju,Kim Yeju,2004-02-01,ICHILLIN',South Korea
Yel,Han Shinyoung,2004-12-25,H1-KEY,South Korea
Yellow,Kim Eunbi,1993-05-05,Pungdeng-E,South Korea
Yena,Yang Yena,2000-05-22,APRIL,South Korea
Yena,Jeong Yena,2000-04-10,G-reyish,South Korea
Yena,Choi Yena,1999-09-29,IZ*ONE,South Korea
Yenny,Park Yeeun,1989-05-26,Wonder Girls,South Korea
Yeoeun,Jung Jieun,1990-01-25,MELODYDAY,South Korea
Yeojin,Im Yeojin,2002-11-11,Loossemble,South Korea
Yeonha,Ahn Yeonji,2000-05-19,P.O.P,South Korea
Yeonhee,Kim Yeonhee,2000-12-06,Rocket Punch,South Korea
Yeonjae,Choi Yeonjae,2000-12-06,mimiirose,South Korea
Yeonje,Yang Yeonje,1999-10-15,ALICE,South Korea
Yeonji,Kwak Yeonji,2008-01-08,tripleS,South Korea
Yeonjoo,Song Yeonjoo,1997-06-26,P.O.P,South Korea
Yeonjung,Yu Yeonjung,1999-08-03,WJSN,South Korea
Yeonjung,Wi Yeonjung,2004-09-01,YOUNG POSSE,South Korea
Yeonseo,Ryu Yeonseo,2004-09-26,We;Na,South Korea
Yeonsu,Ryu Yeonsu,2003-02-19,ADYA,South Korea
Yeonwoo,Lee Dabin,1996-08-01,,South Korea
Yeoreum,Lee Jinsook,1999-01-10,WJSN,South Korea
Yeoreum,Ahn Chaeyeon,1996-06-04,Hello Venus,South Korea
Yeori,Kim Soyeon,1994-05-30,Gate9,South Korea
Yeori,Choi Yeori,1999-09-08,ARIAZ,South Korea
Yeowool,Ha Yeowool,1998-04-11,Purplebeck,South Korea
Yeri,Kim Yerim,1999-03-05,Red Velvet,South Korea
Yerim,Jeong Yerim,1997-03-10,Purplebeck,South Korea
Yerin,Baek Yerin,1997-06-26,15&,South Korea
Yerin,Jung Yerin,1996-08-19,Gfriend,South Korea
Yeryung,,2002-06-22,Lusty,South Korea
Yeseo,Kang Yeseo,2005-08-22,Madein,South Korea
Yeseul,Kim Yeseul,2004-03-24,Hi-L,South Korea
Yeso,Lee Yeso,2001-11-13,G-reyish,South Korea
Yeum,Jung Myeongwoo,2001-11-19,,South Korea
Yewon,Park Yewon,2004-01-11,HOT ISSUE,South Korea
Yewon,Han Yewon,2003-02-07,mimiirose,South Korea
Yeyoung,Choi Yeyoung,2000-05-31,Geenius,South Korea
Yezi,Lee Yeji,1994-08-26,Fiestar,South Korea
Yiren,Wang Yiren,2000-12-29,Everglow,China
Yiyeon,Jung Dasol,1995-05-28,BVNDIT,South Korea
Yooa,Yoo Siah,1995-09-17,Oh My Girl,South Korea
Yoohyeon,Kim Yoohyeon,1997-01-07,Dreamcatcher,South Korea
Yoojin,Jang Yoojin,1992-09-14,,South Korea
Yoojin,Ahn Yoojin,2000-02-29,ARTBEAT,South Korea
Yoojung,Choi Yoojung,1999-11-12,Weki Meki,South Korea
Yookyung,Seo Yookyung,1993-03-15,,South Korea
Yoomin,Na Yoomin,1993-08-29,MELODYDAY,South Korea
Yoon,Heo Yoon,1994-09-23,4TEN,South Korea
Yoon,Ji Hayoon,1997-07-08,Gate9,South Korea
Yoon,Shim Jayoon,2004-04-14,STAYC,South Korea
Yoona,Im Yoona,1990-05-30,SNSD,South Korea
Yoona,Ogura Yuuna,2000-10-13,bugAboo,Japan
Yoona,Oh Yoona,2009-10-07,UNIS,South Korea
Yoonhye,Jung Yoonhye,1990-04-14,Rainbow,South Korea
Yoonhye,Jung Yoonhye,2001-10-04,FANATICS,South Korea
Yoonji,,1998-07-21,Lusty,South Korea
Yoonjo,Shin Yoonjo,1992-12-14,UNI.T,South Korea
Yooyeon,Kim Yooyeon,2001-02-09,tripleS,South Korea
Yooyoung,Lee Yooyoung,1995-01-23,Hello Venus,South Korea
Youi,Kim Jihyeo,2000-04-24,Dreamnote,South Korea
Youngeun,Seo Youngeun,2004-12-27,Kep1er,South Korea
Youngheun,Go Youngheun,1994-11-20,,South Korea
Youngjae,Jo Youngjae,2003-10-19,KELT9b,South Korea
Youngji,Hur Youngji,1994-08-30,KARA,South Korea
Yua,Mikami Yua,1993-08-16,Honey Popcorn,Japan
Yubeen,Jin Yubeen,2006-09-05,TRACER,South Korea
Yubin,Kim Yubin,1988-10-04,Wonder Girls,South Korea
Yubin,Bae Yubin,1997-09-09,Oh My Girl,South Korea
Yubin,Cho Yubin,1999-10-09,,South Korea
Yubin,Kim Yubin,2002-02-27,Bling Bling,South Korea
Yubin,Gong Yubin,2005-02-03,tripleS,South Korea
Yubin,Oh Yubin,1998-11-26,ARTBEAT,South Korea
Yue,Nancy Yang,2004-07-03,Lapillus,USA
Yuem,Park Subin,1996-12-25,H.U.B,South Korea
Yuha,Kang Kyungwon,1997-11-05,Hinapia,South Korea
Yuina,Futatsugami Yuina,2007-02-27,Candy Shop,South Korea
Yujeong,Kim Yujeong,1992-02-14,,South Korea
Yujeong,Nam Yujeong,1991-05-02,Brave Girls,South Korea
Yujeong,Lee Yujeong,2004-06-14,LIGHTSUM,South Korea
Yuji,Son Yuji,1998-11-25,3YE,South Korea
Yujin,Choi Yujin,1996-08-12,Kep1er,South Korea
Yujin,Seo Yoojin,1994-06-18,Playback,South Korea
Yujin,Jeong Yujin,1989-10-23,S#aFLA,South Korea
Yujin,Ahn Yujin,2003-09-01,IVE,South Korea
Yuju,Choi Yuna,1997-10-04,Gfriend,South Korea
Yuju,Choi Yuju,1997-03-05,Cherry Bullet,South Korea
Yuki,Lim Jiyeon,2002-01-30,Saturday,South Korea
Yuki,Mori Koyuki,2002-11-06,Purple Kiss,Japan
Yukyung,Lee Yukyung,1999-11-05,ALICE,South Korea
Yulhee,Kim Yulhee,1997-11-27,,South Korea
Yuna,Seo Yuna,1992-12-30,AoA,South Korea
Yuna,Lee Yuna,1993-04-06,Brave Girls,South Korea
Yuna,Shin Yuna,2003-12-09,ITZY,South Korea
Yuna,Iimura Yuna,2005-04-23,CSR,Japan
Yuna,Na Yuna,,Hearts2Hearts,South Korea
Yunah,Noh Yunah,2004-01-15,ILLIT,South Korea
Yunha,Bang Yunha,2009-02-28,UNIS,South Korea
Yunji,Lee Yunji,1992-04-04,Playback,South Korea
Yunji,Kim Yunji,1996-08-26,ARIAZ,South Korea
Yunjin,Huh Yunjin,2001-10-08,LE SSERAFIM,South Korea
Yunju,Seo Yunju,2005-12-26,mimiirose,South Korea
Yunkyung,Seo Yunkyung,2001-11-01,Rocket Punch,South Korea
Yunseo,Kim Yunseo,2004-07-03,BADVILLAIN,South Korea
Yunseul,Hwang Nayoon,1999-03-30,IRRIS,South Korea
Yuqi,Song Yuqi,1999-09-23,(G)I-DLE,China
Yura,Kim Ahyoung,1992-11-06,Girl's Day,South Korea
Yuri,Kwon Yuri,1989-12-05,SNSD,South Korea
Yuri,Jo Yuri,2001-10-22,IZ*ONE,South Korea
Yurim,Park Yurim,1998-04-13,3YE,South Korea
Yuuri,Tokunaga Yuuri,2001-05-16,LUNARSOLAR,Japan
Yves,Ha Sooyoung,1997-05-24,,South Korea
Zena,Kim Gayoung,2008-11-27,RESCENE,South Korea
Zin,Jin Hyunbin,2001-08-31,bugAboo,South Korea
ZN,Bae Jinye,1994-06-09,LABOUM,South Korea
Zoa,Cho Hyewon,2005-05-31,Weeekly,South Korea
Zoe,Choi Hayoung,2002-04-12,Geenius,Italia
Zuny,Kim Joomi,1994-12-08,Ladies' Code,South Korea
Zuu,Ji Yeongju,2000-03-24,SECRET NUMBER,South Korea