stage_name,full_name,birth_date,group_name,country
Zuho,Bae Juho,1996-07-04,SF9,South Korea
Ziu,Park Heejun,1997-06-16,VAV,South Korea
Zico,Woo Jiho,1992-09-14,Block B,South Korea
Zhou Mi,Zhou Mi,1986-04-19,Super Junior-M,China
Zhang Hao,Zhang Hao,2000-07-25,ZEROBASEONE,China
Zero,Nasukawa Shota,2003-01-20,T1419,Japan
Zelo,Choi Junhong,1996-10-15,B.A.P,South Korea
Zayyan,Muhammad Rifki Fahri Zayyan,2000-02-23,XODIAC,Indonesia
Z-UK,Jeong Jaewook,1993-01-27,WE:A,South Korea
YY,Kim Moonyong,1991-08-30,UNVS,South Korea
Yuvin,Song Yuvin,1998-04-28,B.O.Y,South Korea
Yuto,Adachi Yuto,1998-01-23,PENTAGON,Japan
Yuta,Nakamoto Yuta,1995-10-26,NCT,Japan
Yunsung,Hwang Yunsung,1996-03-19,Romeo,South Korea
Yunseong,Hwang Yunseong,2000-10-30,DRIPPIN,South Korea
Yunseo,Ji Yunseo,2004-10-15,EVNNE,South Korea
Yunmin,Yun Min,2001-02-26,Newkidd,South Korea
Yunho,Jeong Yunho,1999-03-23,ATEEZ,South Korea
Yungyu,Lee Yungyu,2005-11-07,8TURN,South Korea
Yuku,Amanumu Yuku,2002-05-12,DKB,Japan
Yujun,Jung Yujun,2005-10-05,xikers,South Korea
Yujin,Han Yujin,2007-03-20,ZEROBASEONE,South Korea
Yugyeom,Kim Yugyeom,1997-11-17,GOT7,South Korea
Yubin,Jang Yubin,2004-06-10,Mirae,South Korea
Youngwoong,Cho Youngwoon,1999-05-01,14U,South Korea
Youngseo,Ryu Youngseo,2002-06-13,BAE173,South Korea
Youngmin,Jo Youngmin,1995-04-24,Boyfriend,South Korea
Youngmin,Lim Youngmin,1995-12-25,,South Korea
Youngjae,Yoo Youngjae,1994-01-24,B.A.P,South Korea
Youngjae,Choi Youngjae,1996-09-17,GOT7,South Korea
Youngjae,Choi Youngjae,2005-05-31,TWS,South Korea
Younghoon,Kim Younghoon,1997-08-08,The Boyz,South Korea
Youngho,Noh Youngho,1993-03-24,SIGNAL,South Korea
Youngbin,Kim Youngbin,1993-11-23,SF9,South Korea
Youngbin,Jeong Youngbin,1998-10-05,Luminous,South Korea
Youngbin,Lee Youngbin,2001-11-23,BLANK2Y,South Korea
Young K,Kang Young-hyun,1993-12-19,DAY6,South Korea
You,Kim Taeyou,1999-11-17,ABLUE,South Korea
Yoshi,Kanemoto Yoshinori,2000-05-15,Treasure,Japan
Yoseob,Yang Yoseob,1990-01-05,Highlight,South Korea
Yorch,Yongsin Wongpanitnont,2002-04-11,POW,Thailand
Yoosung,Jeong Yoosung,1992-10-08,,South Korea
Yoonwoo,Lee Choonghyun,2000-08-28,TRENDZ,South Korea
Yoonsung,Cho Yoonsung,2003-11-13,8TURN,South Korea
Yoonsan,Yoon Sanghyuk,1994-08-22,HOTSHOT,South Korea
Yoonbin,Ha Yoonbin,2000-12-11,,South Korea
Yoon,Kang Seungyoon,1994-01-21,WINNER,South Korea
Yoojung,Lee Taeyeop,1997-05-19,OnlyOneOf,South Korea
Yoojun,Jun Yoojun,1995-07-26,D1CE,South Korea
Yoojun,Jung Gun,2000-12-27,BAE173,South Korea
Yoochun,Park Yoochun,1986-07-04,JYJ,South Korea
Yongseung,Kim Yongseung,2000-06-17,Verivery,South Korea
Yongseok,Kim Yongseok,1993-01-08,CROSS GENE,South Korea
Yongseok,Choi Yongseok,1996-05-23,CHECKMATE,South Korea
Yonghwa,Jung Yonghwa,1989-06-22,CNBLUE,South Korea
Yonghoon,Jin Yonghoon,1994-08-17,Onewe,South Korea
Yonghee,Kim Yonghee,2000-02-17,CIX,South Korea
Yongha,Yoo Yongha,1999-01-11,WEi,South Korea
Yongguk,Bang Yongguk,1990-03-31,B.A.P,South Korea
Yonggeun,Jo Yonggeun,1995-01-23,D1CE,South Korea
Yohan,Kim Yohan,1999-09-22,WEi,South Korea
Yoel,Kim Yoel,2001-01-25,AIMERS,South Korea
Yixuan,Zhou Yixuan,1990-12-11,UNIQ,China
Yijeong,Jang Yijeong,1993-09-10,HISTORY,South Korea
Yibo,Wang Yibo,1997-08-05,UNIQ,China
Yewang,Seo Yewang,2005-03-12,EPEX,South Korea
Yesung,Kim Jongwoon,1984-08-24,Super Junior,South Korea
Yeram,Yang Yeram,2000-03-31,Astin,South Korea
Yeoun,Lee Kyeongbin,1997-09-03,ARGON,South Korea
Yeosang,Kang Yeosang,1999-06-15,ATEEZ,South Korea
Yeontae,Jeong Yeontae,1992-07-06,IN2IT,South Korea
Yeonkyu,Kim Yeonkyu,2004-05-03,ATBO,South Korea
Yeonjun,Choi Yeonjun,1999-09-13,TXT,South Korea
Yeonho,Ju Yeonho,2000-05-31,Verivery,South Korea
Yeonggwang,Ahn Youngjun,1997-09-22,VANNER,South Korea
Yeo One,Yeon Changgu,1996-03-27,PENTAGON,South Korea
Yejun,Oh Yejun,2002-08-23,E'LAST,South Korea
Yehyeon,Kim Yehyeon,1999-09-12,GIDONGDAE,South Korea
Yedam,Bang Yedam,2002-05-07,Treasure,South Korea
Yedam,Lee Yedam,2003-01-19,ONE PACT,South Korea
Yechan,Shin Yechan,2001-05-14,OMEGA X,South Korea
Yechan,Jeong Yechan,2005-10-27,TRENDZ,South Korea
Yechan,Lee Yechan,2005-10-21,xikers,South Korea
Yano,Seo Sangwon,1995-09-27,Topp Dogg,South Korea
Yan An,Yan An,1996-10-25,PENTAGON,China
Y,Choi Sungyoon,1995-07-31,Golden Child,South Korea
Xiweol,Kang Minseok,1996-10-21,VARSITY,South Korea
Xiumin,Kim Minseok,1990-03-26,EXO,South Korea
Xion,Son Dongju,2000-01-10,Oneus,South Korea
Xin,Wang Xinwi,1996-11-10,VARSITY,China
Xiao,Lee Dongyeol,1998-12-13,UP10TION,South Korea
Xia Junsu,Kim Junsu,1986-12-15,JYJ,South Korea
Xero,Shin Jiho,1994-02-03,Topp Dogg,South Korea
XEN,Lee Jinwoo,1998-02-20,OMEGA X,South Korea
Wyatt,Shim Jaeyoung,1995-01-23,ONF,South Korea
Wow,Kim Seyoon,1993-02-28,A.C.E,South Korea
Woozi,Lee Jihoon,1996-11-22,Seventeen,South Korea
Wooyoung,Jang Wooyoung,1989-04-30,2:00 PM,South Korea
Wooyoung,Jung Wooyoung,1999-11-26,ATEEZ,South Korea
Wooyoung,Hwang Wooyoung,2003-06-29,AIMERS,South Korea
Wooyeop,Jo Wooyeop,2000-09-27,TRCNG,South Korea
Woosung,Choi Sunghyuk,1994-09-24,SNUPER,South Korea
Woosu,Kim Minseok,1999-11-23,IZ,South Korea
Wooshin,Kim Wooseok,1996-10-27,,South Korea
Wooseok,Jeong Wooseok,1998-01-31,PENTAGON,South Korea
Wooseok,Kim Wooseok,2004-03-12,FANTASY BOYS,South Korea
Woono,Song Wonho,2003-04-05,YOUNITE,South Korea
Woonhak,Kim Woonhak,2006-11-29,BOYNEXTDOOR,South Korea
Woonggi,Cha Woonggi,2002-04-23,TOO,South Korea
Wooju,Cho Wooju,2004-01-21,BLITZERS,South Korea
Woojoo,Kim Sangyoon,1996-09-18,14U,South Korea
Woojin,Park Woojin,1999-11-02,AB6IX,South Korea
Woojin,Lee Woojin,2003-04-03,TheEastLight,South Korea
Woojin,Kim Woojin,1997-04-08,,South Korea
Woojin,Lee Woojin,2003-04-07,Ghost9,South Korea
Woojin,Lee Woojin,1996-11-22,MY.st,South Korea
Woohyun,Nam Woohyun,1991-02-08,Infinite,South Korea
Woodam,Park Woodam,1995-08-02,D1CE,South Korea
Woochul,Shin Woochul,2002-10-02,Newkidd,South Korea
Woobin,Seo Woobin,2000-10-16,CRAVITY,South Korea
Woobin,Jeong Woobin,2000-04-01,Luminous,South Korea
Wonwoo,Jeon Wonwoo,1996-07-17,Seventeen,South Korea
Wontak,Ju Wontak,1996-02-24,,South Korea
Wonpil,Kim Wonpil,1994-04-28,DAY6,South Korea
Wonjun,Lee Wonjun,2002-03-08,E'LAST,South Korea
Wonjun,Jeong Wonjun,1998-07-21,ABLUE,South Korea
Wonjun,Moon Wonjun,2005-10-26,WHIB,South Korea
Wonjin,Won Jin,2003-01-01,GIDONGDAE,South Korea
Wonjin,Ham Wonjin,2001-03-22,CRAVITY,South Korea
Wonho,Shin Hoseok,1993-03-01,,South Korea
Wondae,Seol Wondae,1998-04-28,Dongkiz,South Korea
Woncheol,Jung Woncheol,1996-01-12,MY.st,South Korea
Wonbin,Park Wonbin,2002-03-02,RIIZE,South Korea
Won Hyuk,Won Hyuk,2002-02-22,E'LAST,South Korea
Won Bin,Won Bin,2004-07-01,ATBO,South Korea
Won,Park Sungwon,2003-12-18,Ciipher,South Korea
Wish,Kwak Dawit,2002-06-11,EPEX,South Korea
Winwin,Dong Sicheng,1997-10-28,NCT,China
Winnie,Pattipong Kasemsant,1998-11-18,NINE.i,Thailand
WinL,Yang Seungho,1996-06-16,ABLUE,South Korea
Win,Bang Junhyuk,2004-12-19,MCND,South Korea
Wenhan,Li Wenhan,1994-07-22,UNIQ,China
Wei,Lee Jinhyuk,1996-07-08,,South Korea
Wain,Park Sehoon,2000-10-25,XODIAC,South Korea
Vernon,Choi Hansol,1998-02-18,Seventeen,USA
Vari,Jae Hyun,2000-09-03,NINE.i,South Korea
Vahn,Kim Jungwoo,1999-05-07,NINE.i,South Korea
V,Kim Taehyung,1995-12-30,BTS,South Korea
UGeon,Yoo Seungyong,2003-05-26,WHIB,South Korea
U-Kwon,Kim Yukwon,1992-04-09,Block B,South Korea
U-Know Yunho,Jung Yunho,1986-02-06,TVXQ,South Korea
U,Mizuguchi Yuto,1999-03-16,ONF,Japan
U,Sun Hengyu,2001-06-22,BLANK2Y,China
TK,Kim Taegeuk,2006-01-09,DXMON,South Korea
Timoteo,Kim Moongyu,1993-01-25,HOTSHOT,South Korea
Thunder,Park Sanghyun,1990-10-07,,South Korea
Theo,Choi Taeyang,2001-07-01,P1Harmony,South Korea
The8,Xu Minghao,1997-11-07,Seventeen,China
Thanatorn,Thanathorn Rueangsuwan,2005-04-05,The Wind,South Korea
Teo,Jang Sungsik,1997-10-22,DKB,South Korea
Ten,Chittaphon Leechaiyapornkul,1996-02-27,NCT,Thailand
Taro,Choi Wonjin,1994-11-09,Hot Blood Youth,South Korea
Tao,Hwang Zitao,1993-05-02,,China
Tan,Choi Seokwon,1996-08-25,Ciipher,South Korea
Takuya,Terada Takuya,1992-03-18,CROSS GENE,Japan
Takuma,Sato Takuma,2003-08-05,LUN8,South Korea
TAG,Son Youngtaek,1998-04-13,Golden Child,South Korea
TAG,Yeom Taekyun,2002-09-30,ONE PACT,South Korea
Taeyoung,Kim Taeyoung,2003-01-27,CRAVITY,South Korea
Taeyoung,Kim Taeyoung,1999-06-18,7 O'clock,South Korea
Taeyong,Lee Taeyong,1995-07-01,NCT,South Korea
Taeyang,Dong Youngbae,1988-05-18,BIGBANG,South Korea
Taeyang,Yoo Taeyang,1997-02-28,SF9,South Korea
Taewoong,Yoo Taewoong,1994-05-24,SNUPER,South Korea
Taesung,Lee Taesung,2003-12-19,,South Korea
Taeseon,Yang Taeseon,2000-09-17,TRCNG,South Korea
Taesan,Han Dongmin,2004-08-10,BOYNEXTDOOR,South Korea
Taerae,Kim Taerae,2002-09-05,TEMPEST,South Korea
Taerae,Kim Taerae,2002-07-14,ZEROBASEONE,South Korea
Taemin,Lee Taemin,1993-07-18,SHINee,South Korea
Taekhyeon,Jung Taekhyeon,2003-07-28,1the9,South Korea
Taeil,Lee Taeil,1990-09-24,Block B,South Korea
Taeil,Moon Taeil,1994-06-14,NCT,South Korea
Taehyun,Nam Taehyun,1994-05-10,,South Korea
Taehyun,Noh Taehyun,1993-10-15,HOTSHOT,South Korea
Taehyun,Kang Taehyun,2002-02-05,TXT,South Korea
Taehwan,Lee Taehwan,1994-01-15,VANNER,South Korea
Taehun,Lee Taehoon,2000-03-21,NINE.i,South Korea
Taehun,Choi Taehun,2002-11-19,TNX,South Korea
Taeheon,Kim Taeheon,1989-06-18,ZE:A,South Korea
Taeeun,Moon Taeeun,2000-02-09,IM,South Korea
Taedong,Kim Taedong,1997-11-07,OMEGA X,South Korea
Taecyeon,Ok Taecyeon,1988-12-27,2:00 PM,South Korea
T.O.P,Choi Seunghyun,1987-11-04,BIGBANG,South Korea
Sya,Lee Junyoung,2002-09-09,BLITZERS,South Korea
Suwoong,Lee Suwoong,1995-01-20,Boys Republic,South Korea
Sunyoul,Seon Yein,1996-11-06,UP10TION,South Korea
Sunwoo,Choi Sunwoo,1992-03-12,Boys Republic,South Korea
Sunwoo,Kim Sunwoo,2000-04-12,The Boyz,South Korea
Sunoo,Kim Sunwoo,2003-06-24,ENHYPEN,South Korea
Sungyeol,Lee Sungyeol,1991-08-27,Infinite,South Korea
Sungwoon,Ha Sungwoon,1994-03-22,Wanna One,South Korea
Sungoh,Yoo Sungoh,1991-01-08,,South Korea
Sungmin,Lee Sungmin,1986-01-01,Super Junior,South Korea
Sungmin,Oh Sungmin,1990-12-31,Bigflo,South Korea
Sungmin,Hong Sungmin,2004-09-17,FANTASY BOYS,South Korea
Sungkyu,Kim Sungkyu,1989-04-28,Infinite,South Korea
Sungjun,Park Sungjun,1992-12-17,Boys Republic,South Korea
Sungjun,Lee Sungjun,2002-06-15,BLANK2Y,South Korea
Sungjun,Oh Sungjun,2005-08-30,TNX,South Korea
Sungjoo,Kim Sungjoo,1994-02-16,UNIQ,South Korea
Sungjong,Lee Sungjong,1993-09-03,Infinite,South Korea
Sungjin,Park Sungjin,1993-01-16,DAY6,South Korea
Sungjae,Yook Sungjae,1995-05-02,BtoB,South Korea
Sunghyun,Kim Sunghyun,1996-03-16,IN2IT,South Korea
Sunghyuk,Seo Sunghyuk,1999-08-26,,South Korea
Sunghoon,Park Sunghoon,2002-12-08,ENHYPEN,South Korea
Sungho,Park Sungho,2003-09-04,BOYNEXTDOOR,South Korea
Sungchan,Jung Sungchan,2001-09-13,RIIZE,South Korea
Sumin,Choi Sumin,2004-04-07,xikers,South Korea
Sukjun,Lee Sukjun,2000-01-31,ABLUE,South Korea
Suil,Ma Suil,1999-03-30,Luminous,South Korea
Suhyun,Choi Hyunggeun,1992-10-01,SNUPER,South Korea
Suho,Kim Junmyeon,1991-05-22,EXO,South Korea
Suga,Min Yoongi,1993-03-09,BTS,South Korea
Subin,Jung Subin,1999-04-05,VICTON,South Korea
Steven,Kim Steven,2000-01-17,Luminous,South Korea
Steve,Lim Dohyun,2002-03-09,YOUNITE,South Korea
St. Van,Lee Geumhyuk,1991-12-22,VAV,South Korea
Soul,Haku Shota,2005-02-01,P1Harmony,Japan
Soohyun,Shin Soohyun,1989-03-11,U-KISS,South Korea
Soobin,Choi Soobin,2000-12-05,TXT,South Korea
Song,Song Yunhyeong,1995-02-08,iKON,South Korea
Sohee,Lee Sohee,2003-11-21,RIIZE,South Korea
Sodam,Park Sodam,2004-11-26,BLANK2Y,South Korea
Siyun,Yoon Siyun,2005-01-08,AMPERS&ONE,South Korea
Siyoung,Park Siyoung,2003-05-06,Mirae,South Korea
Siwoo,Yoo Siwoo,2001-05-11,BXB,South Korea
Siwoo,Park Siwoo,2001-02-05,BLANK2Y,South Korea
Siwon,Choi Siwon,1986-04-07,Super Junior,South Korea
Siwan,Yim Siwan,1988-12-01,ZE:A,South Korea
Siu,Hwang Inseok,1995-05-19,DUSTIN,South Korea
Sion,Kim Sion,2004-10-19,YOUNITE,South Korea
Sing,Mak Chun Sing,2002-01-11,XODIAC,Hong Kong
Sihyoung,Kim Sihyoung,1992-05-15,HISTORY,South Korea
Sian,Choi Changmin,2001-02-01,T1419,South Korea
Shownu,Son Hyunwoo,1992-06-18,MONSTA X,South Korea
Shotaro,Osaki Shotaro,2000-11-25,RIIZE,Japan
Shita,Chae Gaho,1998-10-01,JWiiver,Macau
Shinyu,Shin Junghwan,2003-11-07,TWS,South Korea
Shinwon,Go Shinwon,1995-12-11,PENTAGON,South Korea
Shindong,Shin Donghee,1985-09-28,Super Junior,South Korea
Shin Hyesung,Jung Pilkyo,1979-11-27,Shinhwa,South Korea
Shin,Shin Wonho,1991-10-23,CROSS GENE,South Korea
Shin,Kim Suhyun,2000-03-18,Ghost9,South Korea
Shihyun,Kim Shihyun,1998-05-06,We In The Zone,South Korea
Seyoung,Lee Seyoung,1990-02-08,CROSS GENE,South Korea
Seyong,Kim Seyong,1991-11-20,MYNAME,South Korea
Seungyoon,Cho Seungyoon,1996-08-05,UNIQ,South Korea
Seungyeop,Choi Seungyeop,1997-05-08,E'LAST,South Korea
Seungwoo,Han Seungwoo,1994-12-24,VICTON,South Korea
Seungsik,Kang Seungsik,1995-04-16,VICTON,South Korea
Seungri,Lee Seunghyun,1990-12-12,,South Korea
Seungmo,Kim Seungmo,2006-07-03,AMPERS&ONE,South Korea
Seungmin,Bae Seungmin,1998-10-13,Golden Child,South Korea
Seungmin,Kim Seungmin,2000-09-22,Stray Kids,South Korea
Seungkwan,Boo Seungkwan,1998-01-16,Seventeen,South Korea
Seungjun,Ji Seungjun,1998-09-15,Astin,South Korea
Seunghyun,Song Seungyun,1992-08-21,FTISLAND,South Korea
Seunghyun,Lee Seunghyun,2001-12-31,TheEastLight,South Korea
Seunghyun,Lee Seunghyun,1998-07-17,AIMERS,South Korea
Seunghyub,Lee Seunghyub,1992-10-31,N.Flying,South Korea
Seunghwan,Lee Seunghwan,1994-12-10,Romeo,South Korea
Seunghwan,Lee Seunghwan,2000-05-20,1the9,South Korea
Seunghwan,Park Seunghwan,2002-04-06,AIMERS,South Korea
Seunghwan,Jeong Seunghwan,2004-01-27,ATBO,South Korea
Seunghun,Kim Seunghun,1999-02-26,CIX,South Korea
Seungho,Yang Seungho,1987-10-16,MBLAQ,South Korea
Seungho,Kim Seungho,2004-07-19,CMDM,South Korea
Seungheon,Lee Seungheon,2007-05-15,8TURN,South Korea
Seunghan,Lee Seunghan,1996-02-22,DUSTIN,South Korea
Seunghan,Hong Seunghan,2003-10-02,RIIZE,South Korea
Seungeon,Yoo Seungeon,2004-01-02,EVNNE,South Korea
Seungchan,Kang Seungchan,2003-01-01,Newkidd,South Korea
Serim,Park Serim,1999-03-03,CRAVITY,South Korea
Seowon,Seo Won,2000-12-18,NINE.i,South Korea
Seongwu,Ong Seunwu,1995-08-25,Wanna One,South Korea
Seongsoo,Park Seongsoo,1999-04-07,ABLUE,South Korea
Seongmin,Ahn Seongmin,2003-08-01,CRAVITY,South Korea
Seongmin,Oh Sungmin,2001-08-25,ONE PACT,South Korea
Seonglee,Kim Seonglee,1994-04-06,,South Korea
Seonghwa,Park Seonghwa,1998-04-03,ATEEZ,South Korea
Seokhwa,Kang Seokhwa,2000-12-01,WEi,South Korea
Seokcheol,Lee Seokchul,2000-01-11,TheEastLight,South Korea
Seoho,Lee Seoho,1996-06-07,Oneus,South Korea
Seoham,Park Seoham,1993-10-28,KNK,South Korea
Seogoong,Park Hyunho,1992-05-01,,South Korea
Seobin,Woo Seobin,2005-09-02,HAWW,South Korea
Sejun,Lim Sejun,1996-05-04,VICTON,South Korea
Sejin,Lee Sejin,1999-07-22,14U,South Korea
Seita,,2003-02-21,DXMON,Japan
Sehun,Oh Sehun,1994-04-12,EXO,South Korea
Seeun,Park Seeun,2005-08-17,xikers,South Korea
Sebin,Jang Sebin,1996-04-24,SNUPER,South Korea
Sanha,Yoon Sanha,2000-03-21,ASTRO,South Korea
Sangyeon,Lee Sangyeon,1996-11-04,The Boyz,South Korea
Sangwoo,Kim Sangwoo,2002-09-03,JUST B,South Korea
Sangmin,Kim Sangmin,1992-07-07,CROSS GENE,South Korea
Sangil,Shim Sangil,1993-05-01,SNUPER,South Korea
Sanghoon,Lee Sanghoon,1993-12-23,,South Korea
Sangho,Jo Sangho,1995-02-10,SNUPER,South Korea
Sangdo,Yoo Sangdo,1993-03-02,Topp Dogg,South Korea
Sandeul,Lee Junghwan,1992-03-20,B1A4,South Korea
San,Choi San,1999-07-10,ATEEZ,South Korea
Samuel,Kim Samuel,2002-01-17,,South Korea
Sakang,Jeon Sakang,2002-10-26,TheEastLight,South Korea
S.Coups,Choi Seungcheol,1995-08-08,Seventeen,South Korea
Ryujei,Chae Hocheol,1997-11-08,JWiiver,South Korea
Ryeowook,Kim Ryeowook,1987-06-21,Super Junior,South Korea
Rui,Jang Rui,2000-03-07,7 O'clock,South Korea
Rubin,Lee Haejoon,1995-08-16,1TEAM,South Korea
Rowoon,Kim Seokwoo,1996-08-07,,South Korea
Roshin,Bae Sijun,2001-04-13,JWiiver,South Korea
Roni,Jeong Rowoon,1994-07-31,,South Korea
Ron,Cheon Byeonghwa,1991-01-22,WE:A,South Korea
Romin,Choi Youngmin,2001-04-24,E'LAST,South Korea
Rokhyun,Kim Rokhyun,1991-02-10,FAVE1,South Korea
Roel,Kim Sunho,1997-02-13,ARGON,South Korea
Roda,Shin Joongmin,1998-09-19,MONT,South Korea
Rocky,Park Minhyuk,1999-02-25,,South Korea
RM,Kim Namjoon,1994-09-12,BTS,South Korea
Riwoo,Lee Sanghyeok,2003-10-22,BOYNEXTDOOR,South Korea
Rio,Son Gwanghyuk,1999-07-16,14U,South Korea
Riho,Jin Seungwook,1998-03-01,VARSITY,South Korea
Rihan,Choi Yeonsik,1998-05-22,JWiiver,South Korea
Rie,Lee Seungho,1996-11-06,OnlyOneOf,South Korea
Ricky,Yoo Changhyun,1995-02-27,Teen Top,South Korea
Ricky,Shen Quanrui,2004-05-20,ZEROBASEONE,China
Rex,Kim Minjun,2007-07-27,DXMON,South Korea
Renjun,Hwang Renjun,2000-03-23,NCT,China
Ren,Choi Minki,1995-11-03,NU'EST,South Korea
Ravn,Kim Yoongjo,1995-09-02,Oneus,South Korea
Ravi,Kim Wonsik,1993-02-15,VIXX,South Korea
Raots,Ren Yuchen,2000-03-01,JWiiver,China
Rano,Byun Yongseop,1998-12-10,E'LAST,South Korea
Rakwon,Seok Rakwon,2003-11-14,ATBO,South Korea
Rain,Jung Jihoon,1982-06-25,,South Korea
ra.L,Yi Taehyun,2003-09-29,TRENDZ,South Korea
Q,Ji Changmin,1998-11-05,The Boyz,South Korea
PSY,Park Jaesang,1977-12-31,,South Korea
Prince,Pasidh Vataniyapromote,2003-01-10,Ghost9,Thailand
Peniel,Shin Donggeun,1993-03-10,BtoB,South Korea
Park Kyung,Park Kyung,1992-07-08,Block B,South Korea
P.O,Pyo Jihoon,1993-02-02,Block B,South Korea
P-Goon,Park Sehyuk,1991-10-18,,South Korea
Onew,Lee Jinki,1989-12-14,SHINee,South Korea
Onejunn,Jo Wonjun,1988-11-22,Boys Republic,South Korea
On,Choi Juhwan,2002-10-16,T1419,South Korea
On,Kim Dongwoo,1996-11-04,ABLUE,South Korea
O.V,Kim Sanchan,1999-01-03,D-CRUNCH,South Korea
O.de,Oh Seungmin,2002-06-11,Xdinary Heroes,South Korea
Nohyul,Lee Nohyul,2004-06-18,CMDM,South Korea
Noah,Hwang Seundae,1998-03-18,CHECKMATE,South Korea
Noah,Song Yubin,2000-08-02,T1419,South Korea
Nine,Jung Wookjin,1999-12-13,OnlyOneOf,South Korea
Niel,Ahn Daniel,1994-08-16,Teen Top,South Korea
Nichkhun,Nichkhun Horvejkul,1988-06-24,2:00 PM,Thailand
Ni-Ki,Nishimura Riki,2005-12-09,ENHYPEN,Japan
New,Choi Chanhee,1998-04-26,The Boyz,South Korea
Nason,Kim Duyeop,1995-06-12,CHECKMATE,South Korea
Narachan,Jung Hyunwoo,1996-09-23,MONT,South Korea
Nakta,Shin Yooncheol,1993-04-24,,South Korea
N,Cha Hakyeon,1990-06-30,VIXX,South Korea
Myungho,Ji Myungho,2001-10-12,8TURN,South Korea
Muzin,Kim Hyunwoo,2001-03-29,BAE173,South Korea
Munik,Jang Moonik,2001-03-20,Dongkiz,South Korea
Mujin,Ko Sungho,2000-11-20,Kingdom,South Korea
Mu,Suh Kyungmin,2003-09-14,EPEX,South Korea
Moonvok,Jang Moonvok,1995-04-11,Limitless,South Korea
MoonBin†,Moon Bin,1998-01-26,,South Korea
MK,Park Minkyun,1995-11-16,ONF,South Korea
MJ,Kim Myungjun,1994-03-05,ASTRO,South Korea
Mir,Bang Cheolyong,1991-03-10,MBLAQ,South Korea
Mir,Lee Yoonsang,2000-03-06,Astin,South Korea
Minyong,Kang Minyong,2003-09-06,HAWW,South Korea
Minwoo†,Seo Minwoo,1985-02-08,100%,South Korea
Minwoo,No Minwoo,1995-07-31,Boyfriend,South Korea
Minwoo,Ha Minwoo,1990-09-06,ZE:A,South Korea
Minwoo,Lee Minwoo,1979-07-28,Shinhwa,South Korea
Minsung,Kim Minhwi,1996-12-24,Romeo,South Korea
Minsu,Park Minsu,1993-04-15,Boys Republic,South Korea
Minsu,Kim Minsu,2000-03-20,TOO,South Korea
Minseo,Kim Minseo,2002-05-13,DRIPPIN,South Korea
Minseo,Kang Minseo,2001-07-22,FANTASY BOYS,South Korea
Minpyo,Gook Minpyo,1994-11-15,B.I.G,South Korea
Mino,Song Minho,1993-03-30,WINNER,South Korea
Minjun,Kim Minjun,1999-02-26,NINE.i,South Korea
Minjae,Jo Minjae,1994-08-08,Spectrum,South Korea
Minjae,Song Minjae,2003-08-23,MCND,South Korea
Minjae,Kim Minjae,2003-04-10,xikers,South Korea
Minjae,Baek Minjae,2003-07-09,DXMON,South Korea
Minhyun,Hwang Minhyun,1995-08-09,NU'EST,South Korea
Minhyuk,Lee Minhyuk,1990-11-29,BtoB,South Korea
Minhyuk,Lee Minhyuk,1993-11-03,MONSTA X,South Korea
Minhyuk,Kang Minhyuk,1991-06-28,CNBLUE,South Korea
Minhyuk,Kim Minhyuk,1999-11-06,D-CRUNCH,South Korea
Minhyuk,Yoon Minhyuk,2001-07-11,WEUS,South Korea
Minhwan,Choi Minhwan,1992-11-11,FTISLAND,South Korea
Minho,Choi Minho,1991-12-09,SHINee,South Korea
Minho,Lee Minho,1995-09-04,MY.st,South Korea
Minho,Yang Minho,2002-10-14,8TURN,South Korea
Minhee,Kang Minhee,2002-09-17,CRAVITY,South Korea
Mingyu,Kim Mingyu,1997-04-06,Seventeen,South Korea
Mingi,Son Mingi,1999-08-09,ATEEZ,South Korea
Minchan,Hong Minchan,1998-09-16,Verivery,South Korea
Min,Lee Mincheon,1997-10-16,We In The Zone,South Korea
Milo,Kim Minhak,1996-08-20,Romeo,South Korea
Mill,Lee Yongsoo,1999-03-30,OnlyOneOf,South Korea
Mikey,Morisaki Daisuke,2001-05-05,BLANK2Y,Japan
Max Changmin,Shim Changmin,1988-02-18,TVXQ,South Korea
Matthew,Seok Matthew,2002-05-28,ZEROBASEONE,Canada
Mashiho,Takata Mashiho,2001-03-25,Treasure,Japan
Mark,Mark Lee,1999-08-02,NCT,Canada
Mark,Mark Yien Tuan,1993-09-04,GOT7,USA
Marco,Lee Hyunggeun,1994-05-11,Hot Blood Youth,South Korea
Manny,Syo Dongchun,2001-11-17,VARSITY,China
Mackiyah,Mackiah Yejun Mercer,2006-01-21,AMPERS&ONE,Australia
Lutan,Choi Gyeongseok,2003-12-06,BLITZERS,South Korea
Lune,Jung Sungmin,2000-02-27,DKB,South Korea
Luhan,Lu Han,1990-04-20,,China
Luha,Lee Gyeonghun,1993-02-15,14U,South Korea
Lucas,Wong Junghei,1999-01-25,,Hong Kong
Love,Park Jisung,1994-01-17,,South Korea
Louis,Kim Taewoo,1999-04-23,BLANK2Y,South Korea
Louis,Yang Dongsik,2001-04-08,Kingdom,South Korea
Louii,Park Seonghoon,2004-03-06,HAWW,South Korea
Loudi,Won Jihoon,1996-04-13,14U,Indonesia
Lou,Kim Hosung,1996-12-21,VAV,South Korea
Longguo,Jin Longguo,1996-03-02,JBJ,China
Ling Qi,Ling Qi,2002-06-04,FANTASY BOYS,China
Lim Jimin,Lim Jimin,2001-05-22,JUST B,South Korea
Lien,Shimada Sho,1998-03-11,Mirae,Japan
Lex,Jeon Hyungmin,1993-01-12,Bigflo,South Korea
Lex,Zo Doohyun,2000-03-16,XODIAC,South Korea
Lew,Lee Euiwoong,2001-04-05,TEMPEST,South Korea
Leon,Kim Donghyun,2000-07-25,TRENDZ,South Korea
Leo,Jung Taekwon,1990-11-10,VIXX,South Korea
Leo,Hayase Leo,2002-10-08,T1419,Japan
Leo,,2002-06-15,XODIAC,Hong Kong
Leeteuk,Park Jeongsu,1983-07-01,Super Junior,South Korea
Leejeong,Jeon Leejeong,2003-09-08,WHIB,South Korea
Leehan,Kim Donghyun,2004-10-20,BOYNEXTDOOR,South Korea
Leedo,Kim Geonhak,1997-07-26,Oneus,South Korea
Lee Know,Lee Minho,1998-10-25,Stray Kids,South Korea
Lee Joon,Lee Changseon,1988-02-07,,South Korea
Lee Hyeop,Lee Hyeop,1999-08-13,DRIPPIN,South Korea
Lee Hoo,Moon Junyoung,1989-02-09,ZE:A,South Korea
Lay,Zhang Yixing,1991-10-07,EXO,China
Laun,Kim Minseok,1999-08-12,,South Korea
Laon,Shin Kyuhyun,1995-12-19,ENOi,South Korea
Lai Kuanlin,Lai Kuanlin,2001-09-23,Wanna One,Taiwan
L.Joe,Lee Byunghun,1993-11-23,,South Korea
L,Kim Myungsoo,1992-03-13,Infinite,South Korea
Kyungyoon,Lee Kyungyoon,2000-02-21,Dongkiz,South Korea
Kyungmun,Lim Kyungmun,2003-06-29,YOUNITE,South Korea
Kyungmin,Jo Kyungmin,2004-10-28,8TURN,South Korea
Kyungmin,Lee Kyungmin,2007-10-02,TWS,South Korea
Kyungjun,Woo Kyungjun,2002-08-30,TNX,South Korea
Kyungil,Song Kyungil,1987-11-28,HISTORY,South Korea
Kyungho,Jang Kyungho,2001-05-07,TOO,South Korea
Kyuhyun,Cho Kyuhyun,1988-02-03,Super Junior,South Korea
Kyuhyuk,Shim Kyuhyuk,1995-01-11,Hot Blood Youth,South Korea
Kyuhwan,Lee Kyuhwan,1994-09-18,SIGNAL,South Korea
Kyrell,Kyrell Choi,2005-07-03,AMPERS&ONE,USA
Kyle,Ma Jaekyung,1997-01-15,Romeo,South Korea
Kyeongheon,Yoon Kyeongheon,1998-01-06,We In The Zone,South Korea
Kwangmin,Jo Kwangmin,1995-04-24,Boyfriend,South Korea
Kwangjin,Kwon Kwangjin,1992-08-12,N.Flying,South Korea
Kwanghee,Hwang Kwanghee,1988-08-25,ZE:A,South Korea
Kun,Qian Kun,1996-01-01,NCT,China
Kuhn,Noh Sooil,1995-11-11,UP10TION,South Korea
Kris,Wu Yifan,1990-11-06,,Canada
Kookheon,Kim Kookheon,1997-04-15,B.O.Y,South Korea
Kongyeol,Go Minsoo,1996-05-19,UP10TION,South Korea
Kiwon,Lee Kiwon,1996-06-27,GIDONGDAE,South Korea
Kisu,Choi Kisu,1990-10-02,24K,South Korea
Kiseop,Lee Kiseop,1991-01-17,U-KISS,South Korea
Kio,Udo Musashi,2004-11-28,T1419,South Korea
Kino,Kang Hyungku,1998-01-27,PENTAGON,South Korea
Kim Yoon,Kim Seongsu,1994-02-17,DUSTIN,South Korea
Kim Sanggyun,Kim Sanggyun,1995-05-23,JBJ95,South Korea
Kihyun,Yoo Kihyun,1993-11-22,MONSTA X,South Korea
Kidoh,Jin Hyosang,1992-12-16,,South Korea
Kid,Kim Junhoe,1995-10-26,VARSITY,South Korea
Kichun,Hwang Kichun,1992-03-14,WE:A,South Korea
Kibum,Kim Kibum,1987-08-21,,South Korea
Khael,Lee Sangmin,2002-01-18,Mirae,South Korea
Key,Kim Kibum,1991-09-23,SHINee,South Korea
Kevin,Christopher Woo,1991-11-25,U-KISS,USA
Kevin,Kevin Jiyeop Kim,1988-02-23,ZE:A,South Korea
Kevin,Moon Hyungseo,1998-02-23,The Boyz,Canada
Kevin,Park Jinwoo,2000-01-12,OMEGA X,South Korea
Kevin,Baek Seungbin,2001-04-08,T1419,South Korea
Keum,Keum Donghyun,2003-05-14,EPEX,South Korea
Keonwoo,Kim Keonwoo,1996-12-17,MY.st,South Korea
Keonhee,Lee Keonhee,1998-06-27,Oneus,South Korea
Keon,Kim Keon,2001-02-16,WEUS,South Korea
Kenta,Takada Kenta,1995-01-10,JBJ,Japan
Ken,Lee Jaehwan,1992-04-06,VIXX,South Korea
Keita,Terazono Keita,2001-07-04,Ciipher,Japan
Keeho,Yoon Kiho,2001-09-27,P1Harmony,Canada
KB,Shin Kyubin,1994-04-23,OnlyOneOf,South Korea
Kangsung,Lee Kangsung,2002-08-08,Ghost9,South Korea
Kangmin,Noh Kangmin,1999-09-05,Romeo,South Korea
Kangmin,Yoo Kangmin,2003-01-25,Verivery,South Korea
Kangin,Kim Youngwoon,1985-01-17,,South Korea
Kanghyun,Kang Hyungu,1998-11-24,Onewe,South Korea
Kamden,Kamden Winston Na,2001-06-09,AMPERS&ONE,USA
Kairi,Imai Kairi,2003-02-24,T1419,Japan
Kain,Bang Junho,1997-03-25,ARGON,South Korea
Kai,Kim Jongin,1994-01-14,EXO,South Korea
Kaedan,Kaedan Keonwoo Nam,2009-03-24,FANTASY BOYS,South Korea
K-Soul,Liu Zekai,2000-10-19,FANTASY BOYS,China
Juyeon,Lee Juyeon,1998-01-16,The Boyz,South Korea
Junyoung,Lee Junyoung,2000-09-23,IZ,South Korea
Junwook,Kim Junwook,2002-01-10,TheEastLight,South Korea
Junwoo,Sim Junwoo,2003-09-21,LUN8,South Korea
Juntae,Kim Juntae,1995-09-04,MY.st,South Korea
Junseong,Choi Junseong,2002-09-29,Ghost9,South Korea
Junseok,Oh Junseok,2003-03-03,ATBO,South Korea
Junseo,Kim Junseo,2001-11-20,WEi,South Korea
Junseo,Hwang Junseo,2001-01-16,DKB,South Korea
Junseo,Park Junseo,2001-12-28,BAE173,South Korea
JunQ,Kang Junkyu,1993-08-09,MYNAME,South Korea
Junmin,Ryu Junmin,2003-04-05,ATBO,South Korea
Junmin,Park Junmin,2003-05-24,xikers,South Korea
Junkyu,Kim Junkyu,2000-09-09,Treasure,South Korea
Junji,Kim Junhyung,1998-04-06,OnlyOneOf,South Korea
Junhyung,Yong Junyung,1989-12-19,Highlight,South Korea
Junhyung,Son Junhyung,2000-10-21,Ghost9,South Korea
Junhyuk,Choi Junhyuk,1992-04-21,HOTSHOT,South Korea
Junhyuk,Lee Junhyuk,2000-05-16,Mirae,South Korea
Junhyoung,Oh Junhyoung,2001-04-14,CMDM,South Korea
Junhyeok,Kim Junhyeok,1993-07-17,,South Korea
Junhyeok,Cheon Junhyeok,2004-09-20,TNX,South Korea
Junho,Lee Junho,1990-01-25,2:00 PM,South Korea
Junho,Cha Junho,2002-07-09,DRIPPIN,South Korea
Jungwoo,Kim Jungwoo,1998-02-19,NCT,South Korea
Jungwon,Yang Jungwon,2004-02-09,ENHYPEN,South Korea
Jungsu,Kim Jungsu,2001-06-26,Xdinary Heroes,South Korea
Jungshin,Lee Jungshin,1991-09-15,CNBLUE,South Korea
Jungmo,Koo Jungmo,2000-02-05,CRAVITY,South Korea
Jungkook,Jeon Jungkook,1997-09-01,BTS,South Korea
Junghyun,Mun Junghyun,2005-03-31,EVNNE,South Korea
Junghwan,So Junghwan,2005-02-18,Treasure,South Korea
Junghun,Jang Junghun,1999-02-27,Astin,South Korea
Junghoon,Lee Junghoon,2000-07-04,1TEAM,South Korea
Junghoon,Han Jeonghoon,2000-02-14,OMEGA X,South Korea
Junghoon,Kim Junghoon,2005-07-05,xikers,South Korea
Jungbin,Lim Jungbin,2003-07-22,POW,South Korea
June,Lee Junyoung,2003-06-16,BXB,South Korea
Jun. K,Kim Minjun,1988-01-15,2:00 PM,South Korea
Jun Jin,Park Choongjae,1980-08-19,Shinhwa,South Korea
Jun Han,Han Hyeongjun,2002-08-18,Xdinary Heroes,South Korea
Jun H.,Im Joonhyun,1991-08-28,UNVS,South Korea
Jun,Weng Junhui,1996-06-10,Seventeen,China
Jun,Lee Junyoung,1997-01-22,U-KISS,South Korea
Jun,Park Junhee,1994-06-02,A.C.E,South Korea
Jukang,Lee Hyowon,2002-11-22,JWiiver,South Korea
Juho,Yang Zuho,2004-03-04,HAWW,South Korea
Juhan,Hong Seunghyun,2001-06-21,BLITZERS,South Korea
Juhaknyeon,Ju Haknyeon,1999-03-09,The Boyz,South Korea
Ju-ne,Koo Junhoe,1997-03-31,iKON,South Korea
JR,Kim Jonghyun,1995-06-08,NU'EST,South Korea
Joshua,Hong Jisoo,1995-12-30,Seventeen,USA
Jooyeon,Lee Jooyeon,2002-09-12,Xdinary Heroes,South Korea
Joohyoung,Kim Joohyoung,2003-03-15,NINE.i,South Korea
Jooheon,Lee Jooheon,1994-10-06,MONSTA X,South Korea
Joochan,Hong Joochan,1999-07-31,Golden Child,South Korea
Jooan,Im Jimyoung,1996-10-04,We In The Zone,South Korea
Jongwoo,Yoon Jongwoo,2000-06-12,ONE PACT,South Korea
Jongup,Moon Jongup,1995-02-06,B.A.P,South Korea
Jongseob,Kim Jongseob,2005-11-19,P1Harmony,South Korea
Jonghyun†,Kim Jonghyun,1990-04-08,,South Korea
Jonghyun,Lee Jonghyun,1990-05-15,CNBLUE,South Korea
Jonghyeong,Kim Jonghyeong,2002-04-13,Dongkiz,South Korea
Jonghwan,Jo Jonghwan,1992-11-23,FAVE1,South Korea
Jonghoon,Choi Jonghoon,1990-03-07,FTISLAND,South Korea
Jongho,Choi Jongho,2000-10-12,ATEEZ,South Korea
Johnny,John Seo,1995-02-09,NCT,USA
Jo,,2008-02-04,DXMON,South Korea
JM,Chu Jimin,2001-10-11,JUST B,South Korea
JJ,Jun Jihyeok,1998-12-11,DUSTIN,South Korea
Jiwoong,Kim Jiwoong,1998-12-14,ZEROBASEONE,South Korea
Jiung,Choi Jiwoong,2001-10-07,P1Harmony,South Korea
Jisung,Park Jisung,2002-02-05,NCT,South Korea
Jisung,Yoon Jisung,1991-03-08,Wanna One,South Korea
Jisung,Kim Jisung,2000-12-21,TRCNG,South Korea
Jisu,Choi Jisu,2000-01-19,TOO,South Korea
Jisan,Choi Jinsang,1999-11-03,Hot Blood Youth,South Korea
Jinyoung,Jung Jinyoung,1991-11-18,,South Korea
Jinyoung,Park Jinyoung,1994-09-22,GOT7,South Korea
Jinyoung,Bae Jinyoung,2000-05-10,CIX,South Korea
Jinyoung,Woo Jinyoung,1997-05-31,D1CE,South Korea
Jinwoo,Lee Jinwoo,2004-09-13,Ghost9,South Korea
Jinu,Kim Jinwoo,1991-09-26,WINNER,South Korea
Jinsung,Jung Jinsung,2002-03-30,1the9,South Korea
Jinsu,Park Jinsu,2003-02-05,LUN8,South Korea
Jinsik,Han Jinsik,2004-07-30,xikers,South Korea
Jinkwon,Kim Jinkwon,2001-01-31,Newkidd,South Korea
Jinhwa,Choi Jinhwa,2002-01-15,BLITZERS,South Korea
Jinhoo,Kim Jinwook,1995-08-02,,South Korea
Jinhong,Kim Jinhong,1998-01-02,24K,South Korea
Jinho,Jo Jinho,1992-04-17,PENTAGON,South Korea
Jingyu,Lee Jingyu,1998-04-22,Astin,South Korea
Jinbeom,Park Jinbeom,2002-04-22,WHIB,South Korea
Jin Jin,Park Jinwoo,1996-03-15,ASTRO,South Korea
Jin,Kim Seokjin,1992-12-04,BTS,South Korea
Jimin,Park Jimin,1995-10-13,BTS,South Korea
Jimin,Kim Jimin,2002-05-01,HAWW,South Korea
Jihun,Kim Jihun,2000-01-09,BXB,South Korea
Jihun,Kim Jihun,1995-02-20,KNK,South Korea
Jihoon,Park Jihoon,1999-05-29,Wanna One,South Korea
Jihoon,Park Jihoon,2000-03-14,Treasure,South Korea
Jihoon,Han Jihoon,2006-03-28,TWS,South Korea
Jihoo,Lim Soojung,1998-08-05,IZ,South Korea
Jihoo,Park Jihoo,2006-07-14,EVNNE,South Korea
Jiho,Jang Jiho,2004-08-10,NINE.i,South Korea
Jiho,Choi Jiho,2004-06-10,AMPERS&ONE,South Korea
Jibeom,Kim Jibeom,1999-02-03,Golden Child,South Korea
Jiahn,Yoo Jiahn,1992-04-01,IN2IT,South Korea
Ji Hansol,Ji Hansol,1994-11-21,Newkidd,South Korea
Ji Eunho,Lee Sangmin,2005-05-21,LUN8,South Korea
Jewon,Woo Jewon,1998-11-28,NINE.i,South Korea
Jeongyoon,Woo Jeongyoon,2003-04-11,WEUS,South Korea
Jeongwoo,Park Jeongwoo,2004-09-28,Treasure,South Korea
Jeonguk,Kim Jeonguk,1993-03-20,24K,South Korea
Jeongseung,Park Jeongseung,2002-05-20,D-CRUNCH,South Korea
Jeongmin,Lee Jeongmin,1994-02-01,Boyfriend,South Korea
Jeongmin,Woo Jeongmin,2002-05-31,WEUS,South Korea
Jeongkyun,Jeong Jeongkyun,1987-11-27,WE:A,South Korea
Jeonghyeon,Lee Jeonghyeon,2002-09-11,EVNNE,South Korea
Jeonghan,Yoon Jeonghan,1995-10-04,Seventeen,South Korea
Jeonggyu,Lim Jeonggyu,1997-11-05,7 O'clock,South Korea
Jeongeun,Park Jeongeun,2003-04-17,HAWW,South Korea
Jeon Woong,Jeon Woong,1997-10-15,AB6IX,South Korea
Jeno,Lee Jeno,2000-04-23,NCT,South Korea
Jenissi,Kim Taeyang,1991-08-02,,South Korea
Jen,Kim Yehyeon,1997-03-27,UNVS,South Korea
Jehyun,Moon Jehyun,1999-04-20,OMEGA X,South Korea
Jeff,Lee Jaeho,2005-04-21,EPEX,South Korea
JB,Im Jaebum,1994-01-06,GOT7,South Korea
Jayder,Kim Junbmin,2002-12-31,WHIB,South Korea
Jay Chang,Jay Steven Kapossy,2001-03-08,ONE PACT,USA
Jay,Kim Jinhwan,1994-02-07,iKON,South Korea
Jay,Park Jongsung,2002-04-20,ENHYPEN,South Korea
Jangjun,Lee Jangjun,1997-03-03,Golden Child,South Korea
Jake,Shim Jaeyoon,2002-11-15,ENHYPEN,South Korea
Jahan,Im Jihun,2002-08-01,Kingdom,South Korea
Jaeyun,Lee Jaeyun,2000-08-16,TOO,South Korea
Jaeyun,Moon Jaeyun,2002-07-02,8TURN,New Zealand
Jaeyoon,Lee Jaeyoon,1994-08-09,SF9,South Korea
Jaewon,Shin Jaewon,2004-03-02,,South Korea
Jaeun,Ha Jaeun,1999-09-28,ARGON,South Korea
Jaeseok,Park Jaeseok,1995-11-20,,South Korea
Jaemin,Na Jaemin,2000-08-13,NCT,South Korea
Jaemin,Shin Jaemin,1996-06-08,XEED,South Korea
Jaejoong,Kim Jaejoong,1986-01-26,JYJ,South Korea
Jaejin,Lee Jaejin,1991-12-17,FTISLAND,South Korea
Jaehyun,Jung Yoonoh,1997-02-14,NCT,South Korea
Jaehyun,Kim Jaehyun,1994-07-15,N.Flying,South Korea
Jaehyun,Bong Jaehyun,1999-01-04,Golden Child,South Korea
Jaehyun,Myung Jaehyun,2003-12-04,BOYNEXTDOOR,South Korea
Jaehyuk,Yoon Jaehyuk,2001-07-23,Treasure,South Korea
Jaehyo,Ahn Jaehyo,1990-12-23,Block B,South Korea
Jaehwan,Kim Jaehwan,1996-05-27,Wanna One,South Korea
Jaeho,Kim Jaeho,1992-09-17,HISTORY,South Korea
Jaehan,Kim Jaehan,1995-07-01,OMEGA X,South Korea
Jaeha,Lee Jaehyun,2004-07-01,WHIB,South Korea
Jaechan,Park Jaechan,2001-12-06,Dongkiz,South Korea
Jaebin,Deung Bin,1997-02-13,VARSITY,China
Jae,Park Jaehyung,1992-09-15,DAY6,South Korea
Jacob,Bae Joonyoung,1997-05-30,The Boyz,South Korea
Jacob,Zhang Peng,1996-09-07,VAV,China
Jackson,Jackson Wang,1994-03-28,GOT7,Hong Kong
J.YOU,Kim Jaeyu,2000-11-02,TOO,South Korea
J.seph,Kim Taehyung,1992-06-21,KARD,South Korea
J-Us,Lee Seungjoon,1995-01-13,ONF,South Korea
J-Min,Jeon Minwook,1999-10-16,BAE173,South Korea
J-Hope,Jung Hoseok,1994-02-18,BTS,South Korea
J-Hoon,Lim Junghoon,1990-07-15,B.I.G,South Korea
Ivan,Park Yooseong,2001-10-12,Kingdom,South Korea
Isaac,Voo Isaak,1994-12-12,IN2IT,Malaysia
Intak,Hwang Intak,2003-08-31,P1Harmony,South Korea
Insoo,Kang Insoo,1988-03-10,MYNAME,South Korea
Inseong,Kim Inseong,1993-07-12,SF9,South Korea
Inseong,Jeong Inseong,1994-07-01,KNK,South Korea
Inpyo,Lee Inpyo,1995-08-14,IN2IT,South Korea
Inhong,Lee Inhong,2004-11-12,WHIB,South Korea
Inho,Hwang Inho,1993-06-21,IN2IT,South Korea
Ilhoon,Jung Ilhoon,1994-10-04,BtoB,South Korea
Ian,Ro Sungchul,2003-12-11,LUN8,South Korea
I.N,Yang Jeongin,2001-02-08,Stray Kids,South Korea
I.M,Lim Changkyun,1996-01-26,MONSTA X,South Korea
Hyunwoong,Kim Hyunwoong,1998-02-08,14U,South Korea
Hyunwook,Ji Hyunwook,1998-07-01,D-CRUNCH,South Korea
Hyunwoo,Kim Hyunwoo,2001-01-21,BXB,South Korea
Hyunwoo,Baek Hyunwoo,1999-03-19,D-CRUNCH,South Korea
Hyunwoo,Choi Hyunwoo,2004-12-04,xikers,South Korea
Hyunuk,Han Hyunuk,1994-09-26,IN2IT,South Korea
Hyunsuk,Choi Hyunsuk,1999-04-21,Treasure,South Korea
Hyunsuk,Yoon Hyunsuk,2001-09-08,CIX,South Korea
Hyunsoo,Kim Hyunsoo,1995-04-12,D1CE,South Korea
Hyunsoo,Jang Hyunsoo,2003-09-16,TNX,South Korea
Hyunsik,Lim Hyunsik,1992-03-07,BtoB,South Korea
Hyunsik,Won Hyunsik,1997-09-12,XODIAC,South Korea
Hyunseung,Jang Hyunseung,1989-09-03,,South Korea
Hyunseung,Kim Hyunseung,2002-10-15,YOUNITE,South Korea
Hyunseong,Shim Hyunseong,1993-06-09,Boyfriend,South Korea
Hyunoh,Park Hyunoh,1999-02-12,D-CRUNCH,South Korea
Hyunmin,Byun Hyunmin,1999-04-17,,South Korea
Hyunkyung,Kim Hyunjong,1998-09-05,Romeo,South Korea
Hyunjun,Lee Hyunjun,1999-12-21,IZ,South Korea
Hyunjun,Bae Hyunjun,2003-06-06,ATBO,South Korea
Hyunjin,Hwang Hyunjin,2000-03-20,Stray Kids,South Korea
Hyunjae,Lee Jaehyun,1997-09-13,The Boyz,South Korea
Hyunho,Lee Hyunho,1998-11-04,D-CRUNCH,South Korea
Hyunhah,Kim Hyunhah,2000-05-09,CMDM,South Korea
Hyungwon,Chae Hyungwon,1994-01-15,MONSTA X,South Korea
Hyungsik,Park Hyungsik,1991-11-16,ZE:A,South Korea
Hyungseop,Ahn Hyungseop,1999-08-09,TEMPEST,South Korea
Hyungseok,Song Hyungseok,2002-11-06,YOUNITE,South Korea
Hyunbin,Kwon Hyunbin,1997-03-04,JBJ,South Korea
Hyunbin,Moon Hyunbin,2000-02-26,Ciipher,South Korea
Hyunbin,Koo Hyunbin,2003-05-29,POW,South Korea
Hyun,Park Sunghyun,1997-08-25,7 O'clock,South Korea
Hyukjin,Jang Hyukjin,1993-12-20,FAVE1,South Korea
Hyukjin,Son Hyukjin,2003-12-12,WEUS,South Korea
Hyuk,Han Sanghyuk,1995-07-05,VIXX,South Korea
Hyuk,Yang Hyuk,2000-03-15,OMEGA X,South Korea
Hyuk,Koo Bonhyuk,2000-04-17,TEMPEST,South Korea
Hyounjoon,Jang Hyounjoon,2008-10-25,The Wind,South Korea
Hyojin,Kim Hyojin,1994-04-22,ONF,South Korea
Hyesung,Park Hyeseong,1996-01-17,VANNER,South Korea
Hyeontae,Oh Hyeontae,2008-08-13,FANTASY BOYS,South Korea
Hyeongseok,Chu Hyeongseok,2000-09-13,Astin,South Korea
Hyeongjun,Song Hyeongjun,2002-11-30,CRAVITY,South Korea
Hwiyoung,Kim Youngkyun,1999-05-11,SF9,South Korea
Hwichan,Lee Heechan,1996-04-18,Limitless,South Korea
Hwi,Jo Mingyu,2002-09-26,Newkidd,South Korea
Hwi,Lee Choonghyun,1999-02-04,Ciipher,South Korea
Hwi,Eun Hwi,2004-11-11,TNX,South Korea
Hweseung,Yoo Hweseung,1995-02-28,N.Flying,South Korea
Hwarang,Park Jonghan,1995-12-05,Spectrum,South Korea
Hwarang,Son Jaewon,2001-04-23,TEMPEST,South Korea
Hwanwoong,Yeo Hwanwoong,1998-08-26,Oneus,South Korea
Hwani,Jo Sihyeon,1994-11-16,DUSTIN,South Korea
Hwanhee,Lee Hwanhee,1998-05-06,UP10TION,South Korea
Hwall,Heo Hyunjoon,2000-03-09,,South Korea
Hunter,Papungkorn Lertkiatdamrong,2005-10-05,xikers,Thailand
Huijun,Noh Huijun,2003-10-07,MCND,South Korea
Hui,Lee Hwitaek,1993-08-28,PENTAGON,South Korea
Hui,Liang Hui,1995-07-18,24K,China
Hueningkai,Kai Kamal Huening,2002-08-14,TXT,USA
Hoyoung,Bae Hoyoung,1998-08-10,Verivery,South Korea
Hoya,Lee Howon,1991-03-28,,South Korea
Hoshi,Kwon Soonyoung,1996-06-15,Seventeen,South Korea
Hoony,Lee Seunghoon,1992-01-11,WINNER,South Korea
Hoon,Yeo Hoonmin,1991-08-16,U-KISS,South Korea
Hongseok,Yang Hongseok,1994-04-17,PENTAGON,South Korea
Hongseob,Shim Hongseob,1998-01-08,24K,South Korea
Hongjoong,Kim Hongjoong,1998-11-07,ATEEZ,South Korea
Hongil,Yoon Hongil,1999-01-11,Astin,South Korea
Honggi,Lee Honggi,1990-03-02,FTISLAND,South Korea
Hongbin,Lee Hongbin,1993-09-29,VIXX,South Korea
Hong,Kim Hong,2005-06-23,POW,South Korea
Hojung,Go Hojung,1994-10-20,HOTSHOT,South Korea
Hojoon,Jeon Hojoon,1992-10-31,Topp Dogg,South Korea
Hohyeon,Lee Hohyeon,2001-10-14,TRCNG,South Korea
Himchan,Kim Himchan,1990-04-19,B.A.P,South Korea
Hikaru,Urabe Hikaru,2003-07-14,FANTASY BOYS,Japan
Hikari,Etani Hikari,2002-01-21,FANTASY BOYS,Japan
HighTop,Lim Hyeontae,1994-03-19,Bigflo,South Korea
Heo Chan,Heo Chan,1995-12-14,,South Korea
Henry,Henry Lau,1989-10-11,Super Junior-M,Canada
Heesoo,Kim Heesoo,2004-05-12,The Wind,South Korea
Heeseung,Lee Heeseung,2001-10-15,ENHYPEN,South Korea
Heeseok,Yun Heeseok,1997-06-10,Limitless,South Korea
Heejun,Oh Heejun,1996-05-08,KNK,South Korea
Heeju,Chae Heeju,2003-04-04,CMDM,South Korea
Heedo,Yoon Heedo,1996-04-22,B.I.G,South Korea
Heechul,Kim Heechul,1983-07-10,Super Junior,South Korea
Heechul,Jung Heechul,1989-12-09,ZE:A,South Korea
Heechan,Yang Heechan,1999-07-31,DKB,South Korea
Hee,Shin Youngseo,2005-12-28,DXMON,South Korea
Hayuchan,Park Hayuchan,2007-08-21,The Wind,South Korea
Hayoung,Choi Hayoung,2000-08-22,TRCNG,South Korea
Havit,Lee Havit,1999-06-07,TRENDZ,South Korea
Haseung,Lee Taewoo,1999-07-16,WHIB,South Korea
Haruto,Watanabe Haruto,2004-04-05,Treasure,Japan
Harry-June,Han Harry-June,2004-01-01,DKB,South Korea
Harin,Ju Harin,1998-03-29,Onewe,South Korea
Hansol,Kim Hansol,1993-06-15,,South Korea
Hanse,Do Hanse,1997-09-25,VICTON,South Korea
Hankook,Cho Hankook,2002-04-03,TRENDZ,South Korea
Hanjin,Han Zhen,2006-01-05,TWS,China
Hangyul,Lee Hangyul,1999-12-07,BAE173,South Korea
Hangyeom,Song Hangyeom,1996-07-17,OMEGA X,South Korea
Haneul,Lee Haneul,1996-06-03,ARGON,South Korea
Hanbin,Ngo Ngoc Hung,1998-01-19,TEMPEST,Vietnam
Hanbin,Sung Hanbin,2001-06-13,ZEROBASEONE,South Korea
Hanbin,Choi Hanbin,2007-07-25,The Wind,South Korea
Hanbin,Park Hanbin,2002-03-01,EVNNE,South Korea
Hanbin,Lee Hanbin,2001-11-20,FANTASY BOYS,South Korea
Han Geng,Han Geng,1984-02-09,,China
Han,Han Jisung,2000-09-14,Stray Kids,South Korea
Hamin,Kim Kangmin,2001-11-13,BXB,South Korea
Hamin,Jo Hamin,1997-10-24,ENOi,South Korea
Hakmin,Lee Hakmin,2000-09-20,TRCNG,South Korea
Haemin,Jung Haemin,2004-03-16,8TURN,South Korea
Haechan,Lee Donghyuk,2000-06-06,NCT,South Korea
Gyuvin,Kim Gyuvin,2004-08-30,ZEROBASEONE,South Korea
Gyurae,Kim Gyurae,2009-02-28,FANTASY BOYS,South Korea
Gyumin,Kim Gyumin,2000-12-12,XODIAC,South Korea
Gyujin,Han Gyujin,1997-11-21,UP10TION,South Korea
Gyeongtae,Kwon Gyeongtae,2000-07-23,14U,South Korea
Gyehyeon,Jo Gyehyeon,1999-05-14,Verivery,South Korea
Gunwook,Park Gunwook,2005-10-01,ZEROBASEONE,South Korea
Gunwoo,Lee Gunwoo,1989-01-30,MYNAME,South Korea
Gunwoo,Kim Gunwoo,2002-05-28,T1419,South Korea
Gunmin,Lee Gunmin,1994-10-03,B.I.G,South Korea
Gunil,Go Gunil,1998-07-24,Xdinary Heroes,South Korea
Gun,Kwak Gun,2001-09-29,14U,South Korea
Gongchan,Gong Chansik,1993-08-14,B1A4,South Korea
Gon,Kim Seongjung,1998-11-13,ARGON,South Korea
Gon,Lee Wonseo,1995-08-07,VANNER,South Korea
Gohyeon,Go Hyeon,1994-10-01,14U,South Korea
Gohn,Kim Dongsung,1992-08-01,,South Korea
Go_U,Jang Junho,2001-06-15,BLITZERS,South Korea
GK,Kim Kwanghyun,1998-09-29,DKB,South Korea
Giseok,Jun Giseok,1997-05-02,IM,South Korea
Gikwang,Lee Gikwang,1990-03-30,Highlight,South Korea
Gijung,Kim Gijung,2001-01-24,IM,South Korea
Gihwan,Kim Gihwan,1993-11-24,SIGNAL,South Korea
Geonu,Lee Geonwoo,2001-02-02,JUST B,South Korea
Gaon,Kwak Jiseok,2002-01-14,Xdinary Heroes,South Korea
Gabin,Yoo Seunghyun,2001-09-11,JWiiver,South Korea
G.O,Jung Byunghee,1987-11-06,MBLAQ,South Korea
G-Dragon,Kwon Jiyong,1988-08-18,BIGBANG,South Korea
Felix,Lee Youngbok,2000-09-15,Stray Kids,South Korea
Eunwoo,Cha Eunwoo,1997-03-30,ASTRO,South Korea
Eunsung,Lee Eunsung,2000-09-07,TheEastLight,South Korea
Eunseop,Kim Eunseop,2006-06-18,LUN8,South Korea
Eunseok,Song Eunseok,2001-03-19,RIIZE,South Korea
Eunsang,Lee Eunsang,2002-10-26,YOUNITE,South Korea
Eunkwang,Seo Eunkwang,1990-11-22,BtoB,South Korea
Eunki,Hong Eunki,1997-09-29,,South Korea
Eunjun,Choi Eunjun,1999-08-06,AIMERS,South Korea
Eunjae,Kwak Eunjae,1996-05-02,14U,South Korea
Eunil,Kim Eunil,2003-11-21,TRENDZ,South Korea
Eunhyuk,Lee Hyukjae,1986-04-04,Super Junior,South Korea
Eunho,Shin Donggeun,1992-09-10,UNVS,South Korea
Eunho,Myung Eunho,2001-03-25,YOUNITE,South Korea
Eunchan,Choi Byeongseop,2001-02-27,TEMPEST,South Korea
Euijin,Lee Euijin,1990-02-15,Bigflo,South Korea
Eson,Kim Jungmin,1996-12-28,We In The Zone,South Korea
Eric,Son Youngjae,2000-12-22,The Boyz,South Korea
Eric,Moon Junghyuk,1979-02-16,Shinhwa,South Korea
Eli,Ellison Kim,1991-03-13,U-KISS,USA
Eden,Jae Won,1998-03-27,NINE.i,South Korea
E.sol,Jeon Jaehyuk,1992-09-17,14U,South Korea
E-tion,Lee Changyoon,1994-12-24,ONF,South Korea
E-Chan,Lee Changmin,1997-02-19,DKB,South Korea
E'Dawn,Kim Hyojong,1994-06-01,,South Korea
Dylan,Park Yeonjae,2002-07-26,D-CRUNCH,South Korea
DY,Jeon Doyum,2002-02-21,JUST B,South Korea
Doyoung,Kim Dongyoung,1996-02-01,NCT,South Korea
Doyoung,Kim Doyoung,2003-12-04,Treasure,South Korea
Dowoon,Yoon Dowoon,1995-08-25,DAY6,South Korea
Douhyun,Yoo Douhyun,2000-12-25,Mirae,South Korea
Doryun,Kim Doryun,2000-05-01,AIMERS,South Korea
Doojoon,Yoon Doojoon,1989-07-04,Highlight,South Korea
Dongyun,Kim Dongyun,2002-02-18,DRIPPIN,South Korea
Dongyeon,Justin Lajo,2003-09-26,POW,Philippines
Dongwoon,Son Dongwoon,1991-06-06,Highlight,South Korea
Dongwoo,Jang Dongwoo,1990-11-22,Infinite,South Korea
Dongwon,Lee Dongwon,1994-01-01,KNK,South Korea
Dongwan,Kim Dongwan,1979-11-21,Shinhwa,South Korea
Dongpyo,Son Dongpyo,2002-09-09,Mirae,South Korea
Dongmyeong,Son Dongmyeong,2000-01-20,Onewe,South Korea
Dongkyu,Moon Dongkyu,1992-11-16,Spectrum,South Korea
Dongjun,Kim Dongjun,1992-02-11,ZE:A,South Korea
Dongjun,Hwang Dongjun,1999-09-07,,South Korea
Donghyun,Kim Donghyun,1989-02-12,Boyfriend,South Korea
Donghyun,Kim Donghyun,1999-02-23,Golden Child,South Korea
Donghyun,Kim Donghyun,1998-09-17,AB6IX,South Korea
Donghyuk,Park Donghyuk,1999-12-18,BLANK2Y,South Korea
Donghun,Lee Donghun,1993-05-15,A.C.E,South Korea
Dongheon,Lee Dongheon,1995-08-04,Verivery,South Korea
Donghan,Kim Donghan,1998-07-03,WEi,South Korea
Donghae,Lee Donghae,1986-10-15,Super Junior,South Korea
Donggeon,Song Donggeon,1999-07-15,TOO,South Korea
Dokyun,Na Dokyun,1991-02-11,HISTORY,South Korea
Dojin,Jeon Yongtae,1997-03-07,ENOi,South Korea
Dohyun,Park Dohyun,2003-10-23,LUN8,South Korea
Dohyuk,Kim Dohyuk,1998-01-16,14U,South Korea
Dohyon,Nam Dohyon,2004-11-10,BAE173,South Korea
Dohwan,Gil Dohwan,2003-08-26,Ciipher,South Korea
Dohoon,Kim Dohoon,2005-01-30,TWS,South Korea
Doha,Na Gyumin,2004-03-07,BAE173,South Korea
Doha,Park Doha,1992-03-27,XEED,South Korea
DK,Lee Seongmin,1997-02-18,Seventeen,South Korea
DK,Kim Donghyuk,1997-01-03,iKON,South Korea
DK,Kim Dokyun,1998-02-16,BLANK2Y,South Korea
Dino,Lee Chan,1999-02-11,Seventeen,South Korea
Dey,Kim Sehyun,2003-06-11,YOUNITE,South Korea
Dawon,Lee Sanghyuk,1995-07-24,SF9,South Korea
Dawon,Cho Dawon,2000-05-12,VARSITY,South Korea
Davin,Kim Davin,2002-05-30,XODIAC,South Korea
Daon,Ahn Seonil,2000-12-10,DUSTIN,South Korea
Dann,Jung Seungbo,1997-11-01,Kingdom,South Korea
Daniel,Kang Daniel,1996-12-10,Wanna One,South Korea
Damon,Hu Boohan,1996-07-02,VARSITY,China
Daeyeol,Lee Daeyeol,1993-02-11,Golden Child,South Korea
Daesung,Daesung,1989-04-26,BIGBANG,South Korea
Daeil,Kim Daeil,1992-05-10,,South Korea
Daehyun,Jung Daehyun,1993-06-28,B.A.P,South Korea
Daehyeon,Jang Daehyeon,1997-02-11,WEi,South Korea
Daehwi,Lee Daehwi,2001-01-29,AB6IX,South Korea
D1,Jang Dongil,1998-02-15,DKB,South Korea
D.O.,Do Kyungsoo,1993-01-12,EXO,South Korea
Cya,Lee Giwook,2000-01-24,Onewe,South Korea
Cory,Hong Joohyung,1990-11-25,24K,South Korea
CNU,Shin Dongwoo,1991-06-16,B1A4,South Korea
Chunji,Lee Chanhee,1993-10-05,Teen Top,South Korea
Chris,Han Chris,2002-11-19,BLITZERS,South Korea
Choi Jiann,Choi Jaewoo,1997-09-30,Newkidd,South Korea
Choi In,Choi In,1996-02-11,E'LAST,South Korea
Chiwoo,Guk Seungjun,2002-09-02,Kingdom,South Korea
Chihoon,Choi Chihoon,1999-04-27,TOO,South Korea
Chenle,Zhong Chenle,2001-11-22,NCT,China
Chen,Kim Jongdae,1992-09-21,EXO,South Korea
Chanyoung,Kim Chanyoung,2000-11-20,D-CRUNCH,South Korea
Chanyoung,Jung Chanyoung,2004-01-31,HAWW,South Korea
Chanyong,Kim Chanyong,1993-04-29,FAVE1,South Korea
Chanyeol,Park Chanyeol,1992-11-27,EXO,South Korea
Chanwook,Yang Chanwook,2002-02-25,WEUS,South Korea
Chanwon,An Chanwon,2008-03-21,The Wind,South Korea
Chansung,Hwang Chansung,1990-02-11,2:00 PM,South Korea
Chani,Kang Chanhee,2000-01-17,SF9,South Korea
Changuk,Joo Changuk,2001-07-25,DRIPPIN,South Korea
Changsun,Lee Changsun,1996-03-17,24K,South Korea
Changsub,Lee Changsub,1991-02-26,BtoB,South Korea
Changjo,Choi Jonghyun,1995-11-16,Teen Top,South Korea
Changgyu,Song Changgyu,1993-07-06,UNVS,South Korea
Changbum,Woo Changbum,1993-10-07,,South Korea
Changbin,Seo Changbin,1999-08-11,Stray Kids,South Korea
Chan,Jung Chanwoo,1998-01-26,iKON,South Korea
Chan,Kang Yoochan,1997-12-31,A.C.E,South Korea
Chan,Jo Chanhyuk,1999-12-08,TOO,South Korea
Chael,Lim Junyeop,2001-12-07,LUN8,South Korea
Chaejin,Chae Jinseok,1995-12-26,MYNAME,South Korea
Cha Hoon,Cha Hoon,1994-07-12,N.Flying,South Korea
Castle J,Son Sangjoon,1999-05-31,MCND,South Korea
Casper,Chu Xiaoxiang,1991-03-20,CROSS GENE,China
C.A.P,Bang Minsoo,1992-11-04,Teen Top,South Korea
Byunghoon,Choi Byunghoon,2000-04-26,CMDM,South Korea
Byungchan,Choi Byungchan,1997-11-12,VICTON,South Korea
Byeongkwan,Kim Byeongkwan,1996-08-13,A.C.E,South Korea
BX,Lee Byounggon,1998-03-05,CIX,South Korea
Bullet,Jin Junwoo,1995-12-02,VARSITY,South Korea
Brian,Brian Ho,2002-08-27,AMPERS&ONE,Canada
Boyul,Kwon Boyul,2002-01-21,WEUS,South Korea
Bomin,Choi Bomin,2000-08-24,Golden Child,South Korea
Bokeun,Kim Bokeun,1994-10-12,SIGNAL,South Korea
Bobby,Kim Jiwon,1995-12-21,iKON,South Korea
BM,Matthew Kim,1992-10-20,KARD,South Korea
Bitto,Lee Changhyun,1996-08-24,UP10TION,South Korea
Bitsaeon,Kim Sangyeon,1995-06-04,MONT,South Korea
Bit,No Minjae,2004-07-21,BAE173,South Korea
Bin,Kwon Soobin,1993-10-28,Hot Blood Youth,South Korea
Bic,Nam Seungmin,2001-04-25,MCND,South Korea
Beomsoo,Kim Beomsoo,2000-09-29,XODIAC,South Korea
Beomgyu,Choi Beomgyu,2001-03-13,TXT,South Korea
Benji,Baek Jaewook,1992-05-03,B.I.G,USA
BEL,Choi Sunghoon,2000-05-21,DUSTIN,South Korea
BC,Jin Sungho,1994-07-18,1TEAM,South Korea
Baron,Choi Chunghyeop,1992-04-19,,South Korea
Baro,Cha Sunwoo,1992-09-05,,South Korea
Bao,Bae Sungyeob,1996-05-12,XEED,South Korea
Bang Chan,Bang Chan,1997-10-03,Stray Kids,Australia
BamBam,Kunpimook Bhuwakul,1997-05-02,GOT7,Thailand
Bain,Song Byeonghee,2001-05-04,JUST B,South Korea
Baekhyun,Byun Baekhyun,1992-05-06,EXO,South Korea
Baekho,Kang Dongho,1995-07-21,NU'EST,South Korea
Baekgyeul,Baek Sunwoo,1999-12-01,E'LAST,South Korea
Baek Seung,Kim Hyunwoo,2004-10-05,EPEX,South Korea
B.S,Lee Youngsoo,1995-04-14,14U,South Korea
B.I,Kim Hanbin,1996-10-22,,South Korea
B-Joo,Kim Byungjoo,1994-01-08,Topp Dogg,South Korea
B-Bomb,Lee Minhyuk,1990-12-14,Block B,South Korea
Ayno,Noh Yoonho,1996-05-01,VAV,South Korea
Ayden,Kwon Yejun,2005-01-24,EPEX,South Korea
Asahi,Hanada Asahi,2001-08-20,Treasure,Japan
Arthur,Jang Yunho,2000-04-15,Kingdom,South Korea
Aron,Kwak Youngmin,1993-05-21,NU'EST,South Korea
Anton,Anton Chanyoung Lee,2004-03-21,RIIZE,USA
Anthony,Anthony Lo,1998-03-12,VARSITY,China
Andy,Lee Sunho,1981-01-21,Shinhwa,South Korea
Andy,Lui Chunyeung,1994-10-06,7 O'clock,Hong Kong
Allen,Allen Ma,1999-04-26,CRAVITY,USA
Alex,Alexander Schmidt Lee,2004-10-06,DRIPPIN,Germany
Ahxian,Park Sungkook,1996-03-27,VANNER,South Korea
Ace,Jang Wooyoung,1992-08-28,VAV,South Korea
A.M,Seong Hyunwoo,1996-12-31,Limitless,South Korea
A-min,Cho Minwoo,2004-05-22,EPEX,South Korea
2Soul,Kim Younghoon,1997-09-10,7 O'clock,South Korea